step,elapsed_seconds,total_loss,physics_loss,initial_loss,boundary_loss,data_loss,weight_physics,weight_initial,weight_boundary,weight_data,controller_weight_step_l1,controller_weight_tv,controller_updates,gradient_distribution_tv,loss_distribution_tv,physics_gradient_log_gap,sampler_effective_sample_fraction,sampler_entropy_fraction,sampler_max_probability,optimization_residual_evaluations,importance_effective_sample_fraction,importance_weight_mean,importance_weight_min,importance_weight_max,vrba_attention_effective_sample_fraction,vrba_multiplier_mean,vrba_multiplier_min,vrba_multiplier_max,vrba_temperature,vrba_local_updates,kde_pairwise_distance_evaluations,controller_residual_evaluations,sampler_residual_evaluations,diagnostic_residual_evaluations,residual_evaluations,relative_l2,max_abs_error
1,0.031499808000035046,0.5864443490233405,0.004000573224183659,0.5588985947908827,0.0236827909957032,nan,1.0,0.9997622702620459,0.9997997207783759,nan,0.00043800895957823993,0.00043800895957823993,1,0.033860370809504464,0.010830831372978097,0.011731281452654148,1.0,1.0,0.0009765625,256,1.0,1.0,1.0,1.0,0.9999951406635752,1.007127924447849,1.0037977315530038,1.009,0.07498722363405616,1,0,0,0,512,768,nan,nan
25,0.24341414699983943,0.395820890876103,0.0024280757714288193,0.2896117630450863,0.10603244440013246,nan,1.0,0.9940887334252257,0.9949126891391926,nan,0.0004442444406469459,0.010998577435581636,25,0.08660758737363992,0.04039446786780819,0.211756665413244,1.0,1.0,0.0009765625,6400,1.0,1.0,1.0,1.0,0.9970964920880048,1.102311644861148,1.045644469984515,1.1887065218248252,0.026219785496867716,25,0,0,0,1024,7424,nan,nan
50,0.4704329899998356,0.4597689435781254,0.002857520202727349,0.2993600603642023,0.16277111165188365,nan,1.0,0.9882302957305547,0.9895781920827209,nan,0.0004516907662576175,0.022191512186724438,50,0.07087871416157374,0.027443203035099006,0.4381813848366463,1.0,1.0,0.0009765625,12800,1.0,1.0,1.0,1.0,0.9938435356543275,1.1678925276671168,1.0774196421185767,1.31967080811601,0.02339573410839456,50,0,0,0,1536,14336,nan,nan
75,0.6864707679999356,0.52231543132212,0.0025856978278529334,0.33510149186956417,0.19362806855706105,nan,1.0,0.982381738749888,0.9840109890762786,nan,0.000460586216608605,0.033607272173833413,75,0.07311352085114696,0.019367450506280113,0.48472666673523884,1.0,1.0,0.0009765625,19200,1.0,1.0,1.0,1.0,0.9887878671784346,1.220687695238933,1.1056099856987602,1.4440619109897421,0.01721191374657573,75,0,0,0,2048,21248,nan,nan
100,1.0068396939998365,0.5486668129117402,0.0029716711648563425,0.3455841559305599,0.21284397517507653,nan,1.0,0.9765240875233648,0.9782935553754125,nan,0.0004646906905210191,0.04518235710122265,100,0.05943957152022256,0.01247175429101639,0.3772054793729102,1.0,1.0,0.0009765625,25600,1.0,1.0,1.0,1.0,0.9833495236625978,1.2657757991356866,1.1328657454699207,1.5553613685344665,0.02070681677547218,100,0,0,0,2560,28160,nan,nan
125,1.266955003000021,0.5227107594456546,0.021375247846822352,0.31549666755815636,0.20060593776083974,nan,1.0,0.9706714562330118,0.972513097274721,nan,0.00046456741032574467,0.05681544649226722,125,0.06834005518232866,0.037539752949977745,0.12153041098928295,1.0,1.0,0.0009765625,32000,1.0,1.0,1.0,1.0,0.980548077216841,1.2980119017553315,1.186456134440443,1.6441314397671647,0.0764842013700982,125,0,0,0,3072,35072,nan,nan
150,1.45166975799998,0.4267359636669559,0.047786597433250005,0.22476206656359568,0.16763628352576534,nan,1.0,0.9649141035387311,0.9668150286872176,nan,0.00045092906295829405,0.06827086777405134,150,0.12362215587972158,0.04254625179494281,0.011807392463673233,1.0,1.0,0.0009765625,38400,1.0,1.0,1.0,1.0,0.9813561929406978,1.3234569372566127,1.2179156731202532,1.6571295546233291,0.09681716154110687,150,0,0,0,3584,41984,nan,nan
175,1.6345969289998266,0.2127021984500566,0.03975078579432649,0.09132521509550262,0.08877649449015948,nan,1.0,0.9593279020556679,0.9612970881930764,nan,0.0004381627482997752,0.07937500975125578,175,0.2184195634878554,0.10592892202561291,0.044086912169630565,1.0,1.0,0.0009765625,44800,1.0,1.0,1.0,1.0,0.9815376513598975,1.3504517849262156,1.2404742097591133,1.6724814449862335,0.09266260960293256,175,0,0,0,4096,48896,nan,nan
200,1.8610056600000462,0.1011814728337503,0.02593937909980264,0.02865504578402967,0.05010825547898196,nan,1.0,0.9539854510278589,0.9560420034487189,nan,0.00040657960917556135,0.08997254552342215,200,0.20072126911133117,0.1571962091343022,0.00314016856236811,1.0,1.0,0.0009765625,51200,1.0,1.0,1.0,1.0,0.9818033799420903,1.3727310969547115,1.2609207934602453,1.7133014378969906,0.08117704348954248,200,0,0,0,4608,55808,0.33814928671202865,0.5733258507636361
225,2.107018453999899,0.07252238918280716,0.013620198858873703,0.02127166593167069,0.04070395987451001,nan,1.0,0.9489791797040146,0.9511561616245533,nan,0.0003860425233026543,0.09986465867143213,225,0.20385560633758415,0.20053394858246945,0.3349172108707702,1.0,1.0,0.0009765625,57600,1.0,1.0,1.0,1.0,0.9803244715005563,1.392970737449255,1.2807056663643288,1.9127663923924272,0.06283626292417466,225,0,0,0,5120,62720,0.33814928671202865,0.5733258507636361
250,2.498693843999945,0.06648618827984909,0.00911966931378288,0.02165828169743518,0.03900317140155259,nan,1.0,0.9442032540206341,0.9465050554679465,nan,0.000367740314288989,0.1092916905114194,250,0.22349176009800176,0.19569567155692752,0.11287861329544037,1.0,1.0,0.0009765625,64000,1.0,1.0,1.0,1.0,0.9773830885598321,1.4133857375483603,1.3009493951384503,2.070094295569507,0.04350448238691522,250,0,0,0,5632,69632,0.33814928671202865,0.5733258507636361
275,2.7949745389998952,0.065195847937294,0.006446601667409246,0.02277848194140009,0.03962756316613346,nan,1.0,0.9398526847735856,0.942294349658762,nan,0.0003270470403449188,0.11785296556765235,275,0.18611368553635654,0.19971458500543715,0.8553160047697538,1.0,1.0,0.0009765625,70400,1.0,1.0,1.0,1.0,0.974935883059322,1.4336319160811302,1.3207674570768517,2.114850072546695,0.031025514989785574,275,0,0,0,6144,76544,0.33814928671202865,0.5733258507636361
300,3.1153121830000146,0.06499606164850247,0.005304750649992505,0.023868502258373663,0.03980869147371707,nan,1.0,0.9357988143973855,0.9383678161927435,nan,0.0003137805295853058,0.125833369409871,300,0.1909843174666866,0.19975752713029338,0.8232103643817072,1.0,1.0,0.0009765625,76800,1.0,1.0,1.0,1.0,0.971476585200431,1.4529641123142025,1.3395160165700637,2.25631497518467,0.02827114311111524,300,0,0,0,6656,83456,0.33814928671202865,0.5733258507636361
325,3.388958530999844,0.0691873861990368,0.00835734840670406,0.02611079833363837,0.03905199413592272,nan,1.0,0.931912150363358,0.9345762841840466,nan,0.00028863996799766145,0.13351156545259546,325,0.11545102814066113,0.18262945610151113,0.6729753679354953,1.0,1.0,0.0009765625,83200,1.0,1.0,1.0,1.0,0.9672947799486229,1.472593779764527,1.3582415877734475,2.436795099064829,0.03604616655431696,325,0,0,0,7168,90368,0.33814928671202865,0.5733258507636361
350,3.689436938999961,0.06577841523418108,0.0040898785468416795,0.024209914565566825,0.04210002921449137,nan,1.0,0.9285552653504575,0.9313127276952481,nan,0.0002557550898555361,0.1401320069542944,350,0.18201243770887177,0.19208072751621175,0.8569423244236684,1.0,1.0,0.0009765625,89600,1.0,1.0,1.0,1.0,0.9648227240407156,1.4918254669661504,1.377569737520365,2.530446579939491,0.024505658663136587,350,0,0,0,7680,97280,0.33814928671202865,0.5733258507636361
375,3.9873663849998593,0.06586098850603142,0.0038054247270763717,0.023726294075083892,0.04320477751737262,nan,1.0,0.9253414625316999,0.9281529132498196,nan,0.00025536461559039214,0.14650562421848046,375,0.2165717362378385,0.18372077641583473,0.6695444857430829,1.0,1.0,0.0009765625,96000,1.0,1.0,1.0,1.0,0.9627519270793296,1.508765228947738,1.3948138175320635,2.579644375622797,0.023718434347930945,375,0,0,0,8192,104192,0.33814928671202865,0.5733258507636361
400,4.339860119999912,0.06523808877306486,0.0035226911165453165,0.022960710211300674,0.04383208823528608,nan,1.0,0.9221324076847549,0.9249521138393537,nan,0.0002572107843600291,0.15291547847589138,400,0.24375279593093296,0.174106953651065,0.49661220954130936,1.0,1.0,0.0009765625,102400,1.0,1.0,1.0,1.0,0.960734010739925,1.5247388654525555,1.4114832112809645,2.598676672316694,0.023075182615245354,400,0,0,0,8704,111104,0.26176855070581867,0.49272680898547744
425,4.666283439999916,0.06413342152438387,0.003570698977667111,0.021752807047042994,0.044004492881805427,nan,1.0,0.9191203501957997,0.921934835719267,nan,0.00022439210955516042,0.15894481408493322,425,0.2585670610785795,0.16141612749855447,0.4300594483630758,1.0,1.0,0.0009765625,108800,1.0,1.0,1.0,1.0,0.9593359905322745,1.5412351210136792,1.4288206871803513,2.5997079644012575,0.02318503745447648,425,0,0,0,9216,118016,0.26176855070581867,0.49272680898547744
450,5.018449367999892,0.061902350756856184,0.003097663619110079,0.01994297197959772,0.0440982901677224,nan,1.0,0.916305245077488,0.9191022408409331,nan,0.00022888184541836054,0.16459251408157893,450,0.21351147512686497,0.1529348474847022,0.7577409616474186,1.0,1.0,0.0009765625,115200,1.0,1.0,1.0,1.0,0.9561698834039751,1.556961512737904,1.4442529175746264,2.756912823998947,0.018516250270049966,450,0,0,0,9728,124928,0.26176855070581867,0.49272680898547744
475,5.375453003999837,0.05864655656057921,0.002920241096375654,0.017908880161330208,0.042970638396250295,nan,1.0,0.9134165625927906,0.9161615739641987,nan,0.00023711790809688438,0.1704218634430107,475,0.16407480726052975,0.13806669997306587,0.9428531367709178,1.0,1.0,0.0009765625,121600,1.0,1.0,1.0,1.0,0.9519635196275803,1.573026383079036,1.459199214845097,2.9306573821621513,0.0163631672561208,475,0,0,0,10240,131840,0.26176855070581867,0.49272680898547744
500,5.7089212019998286,0.05452598287500663,0.00266557386506623,0.01582999550604671,0.04100151982364986,nan,1.0,0.9105830154961196,0.9132803888200118,nan,0.0002204184494413175,0.17613659568386852,500,0.14025464292093626,0.12082632855635068,1.0669888071369305,1.0,1.0,0.0009765625,128000,1.0,1.0,1.0,1.0,0.9506882153575575,1.5905605238848624,1.475590508817172,3.0103990404699794,0.015296725218768478,500,0,0,0,10752,138752,0.26176855070581867,0.49272680898547744
525,6.048136746999944,0.04965681159401365,0.002675062609943394,0.01316662716584522,0.03847353688064726,nan,1.0,0.9078164760261134,0.910466537503158,nan,0.0002276557269028645,0.18171698647072865,525,0.17786146990005075,0.10388111574074688,1.1266374583626264,1.0,1.0,0.0009765625,134400,1.0,1.0,1.0,1.0,0.9506658993086411,1.606803099250016,1.4893028880351535,3.023591766966635,0.013435539577294188,525,0,0,0,11264,145664,0.26176855070581867,0.49272680898547744
550,6.270258320000039,0.0460349511275668,0.003506380052843133,0.011201395936274347,0.03569263887143858,nan,1.0,0.904944044115729,0.9075242279810879,nan,0.00023389002947937776,0.18753172790318307,550,0.028854253806398722,0.07828532862880527,1.0569214523891957,1.0,1.0,0.0009765625,140800,1.0,1.0,1.0,1.0,0.9508543930127469,1.6247447322185105,1.5028954816148614,3.0116798682112034,0.012654934521194703,550,0,0,0,11776,152576,0.26176855070581867,0.49272680898547744
575,6.613712044999829,0.03933460856820603,0.0031951607742255464,0.008550453355372477,0.03141365596877312,nan,1.0,0.902290635368815,0.9048438625394474,nan,0.00020270022399671017,0.19286550209173758,575,0.21095363763555475,0.06499705032199699,0.8287964922592591,1.0,1.0,0.0009765625,147200,1.0,1.0,1.0,1.0,0.9524679509144325,1.643068552486659,1.5184111361993853,2.9905119839344176,0.014910841815885072,575,0,0,0,12288,159488,0.26176855070581867,0.49272680898547744
600,6.969622809999919,0.034224690079965786,0.003138080769914351,0.007532507912770945,0.026943511898648707,nan,1.0,0.8997260390079064,0.9022363488969494,nan,0.00021233443459822698,0.19803761209514426,600,0.16914257739660132,0.03827411287709081,0.8810193418176588,1.0,1.0,0.0009765625,153600,1.0,1.0,1.0,1.0,0.9530012118058719,1.65887390227777,1.532189704945029,2.9671160604768962,0.014514065564985681,600,0,0,0,12800,166400,0.18415734169915024,0.2650316276034495
