experiment,label,problem,first_method,second_method,contrast,metric,n_pairs,median_difference,ci_low,ci_high,second_win_fraction,two_sided_sign_test_p,differences_by_seed
sparse_clean,Burgers — 13 observations propres,burgers,m5,m7,m7_minus_m5,relative_l2,10,-0.04096806860632257,-0.05677119512109363,-0.030963666992277816,0.9,0.021484375,"{""11"": -0.042700243483634326, ""111"": -0.031078281369076532, ""22"": -0.07992785529727431, ""33"": 0.026143739766080865, ""44"": -0.046754833336805746, ""55"": -0.07084214675855294, ""66"": -0.044324583077250734, ""77"": -0.030575885112262058, ""88"": -0.03923589372901082, ""99"": -0.031351448872293575}"
sparse_clean,Burgers — 13 observations propres,burgers,m5,m7,m7_minus_m5,max_abs_error,10,0.02019791381753766,-0.07738955651106383,0.10287082605271436,0.5,1.0,"{""11"": -0.07738955651106383, ""111"": 0.07371861522435341, ""22"": -0.09105460333227144, ""33"": 0.13441526890920907, ""44"": 0.15290891639577642, ""55"": -0.09785899620508487, ""66"": -0.027502446126351998, ""77"": -0.04718169569286368, ""88"": 0.07132638319621964, ""99"": 0.06789827376142732}"
sparse_clean,Burgers — 13 observations propres,burgers,m5,m7,m7_minus_m5,controller_weight_tv_per_update,10,0.004228206790012234,0.0029693392102955185,0.005648146664616119,0.0,0.001953125,"{""11"": 0.0027018172027645296, ""111"": 0.007177184801135092, ""22"": 0.0029693392102955185, ""33"": 0.005074210326168324, ""44"": 0.006759748734702628, ""55"": 0.0045365445945296096, ""66"": 0.003933498546842787, ""77"": 0.003359378268700669, ""88"": 0.0016349861081522282, ""99"": 0.004522915033181682}"
sparse_clean,Burgers — 13 observations propres,burgers,m5,m7,m7_minus_m5,temporal_mean_gradient_distribution_tv,10,-0.036776203193611516,-0.06637370781802343,-0.023605514962989137,0.9,0.021484375,"{""11"": -0.054921655248109894, ""111"": -0.04178462917915235, ""22"": -0.09754759768203734, ""33"": -0.03176777720807068, ""44"": -0.02408526294826132, ""55"": -0.02273794422043318, ""66"": 0.01619690932562433, ""77"": -0.024473085705545093, ""88"": -0.07782576038793698, ""99"": -0.05994886664418975}"
sparse_clean,Burgers — 13 observations propres,burgers,m5,m7,m7_minus_m5,temporal_mean_physics_gradient_log_gap,10,-0.3674656013894043,-0.47003020917329386,-0.23658325550626935,1.0,0.001953125,"{""11"": -0.4175177262167248, ""111"": -0.4125896742772803, ""22"": -0.5274707440693074, ""33"": -0.3472291552584277, ""44"": -0.1536211807557653, ""55"": -0.30693581982679585, ""66"": -0.16623069118574285, ""77"": -0.387702047520381, ""88"": -0.5363354999777482, ""99"": -0.3069026674045706}"
sparse_clean,Burgers — 13 observations propres,burgers,m5,m7,m7_minus_m5,elapsed_seconds,10,-0.54532032599991,-1.1163698719998933,-0.18945197800007918,0.8,0.109375,"{""11"": -1.4508930139995755, ""111"": 0.05784166500006904, ""22"": -0.4367456210002274, ""33"": -1.398991285999955, ""44"": -0.28100397699984114, ""55"": -0.8337484579998318, ""66"": -0.6181329010000809, ""77"": 0.2688013580009283, ""88"": -0.9497980550004286, ""99"": -0.4725077509997391}"
sparse_clean,Burgers — 13 observations propres,burgers,m5,m7,m7_minus_m5,residual_evaluations,10,0.0,0.0,0.0,0.0,,"{""11"": 0.0, ""111"": 0.0, ""22"": 0.0, ""33"": 0.0, ""44"": 0.0, ""55"": 0.0, ""66"": 0.0, ""77"": 0.0, ""88"": 0.0, ""99"": 0.0}"
sparse_clean,Burgers — 13 observations propres,burgers,m5,m7,m7_minus_m5,importance_effective_sample_fraction,0,,,,,,{}
sparse_clean,Burgers — 13 observations propres,burgers,m5,m7,m7_minus_m5,importance_weight_mean,0,,,,,,{}
sparse_clean,Burgers — 13 observations propres,burgers,m5,m7,m7_minus_m5,importance_weight_max,0,,,,,,{}
sparse_clean,Burgers — 13 observations propres,burgers,m7u,m7,m7_minus_m7u,relative_l2,10,-0.0482769836357444,-0.06621477084315802,-0.02998841761411075,1.0,0.001953125,"{""11"": -0.03323110727766598, ""111"": -0.026972016155998757, ""22"": -0.09617686520149255, ""33"": -0.023502486661213795, ""44"": -0.06332397004936563, ""55"": -0.061198018948043664, ""66"": -0.07123152273827238, ""77"": -0.05178277867412184, ""88"": -0.04477118859736695, ""99"": -0.02998841761411075}"
sparse_clean,Burgers — 13 observations propres,burgers,m7u,m7,m7_minus_m7u,max_abs_error,10,-0.0050155965780288025,-0.07185417395399413,0.03644165109007658,0.5,1.0,"{""11"": -0.031473949449299043, ""111"": 0.03352115825607871, ""22"": -0.10611276522154645, ""33"": 0.07264460568383235, ""44"": 0.04164002278990786, ""55"": -0.03759558268644181, ""66"": -0.12038657656903551, ""77"": -0.0629223443419964, ""88"": 0.031243279390245293, ""99"": 0.02144275629324144}"
sparse_clean,Burgers — 13 observations propres,burgers,m7u,m7,m7_minus_m7u,controller_weight_tv_per_update,10,0.004693927383504645,0.0032477941838770716,0.006579488801380241,0.0,0.001953125,"{""11"": 0.002852294555115799, ""111"": 0.007779943998186323, ""22"": 0.0032477941838770716, ""33"": 0.0064238665941704215, ""44"": 0.007605759989987623, ""55"": 0.00514091165620198, ""66"": 0.004093700403456427, ""77"": 0.004246943110807311, ""88"": 0.001066251844902756, ""99"": 0.005553217612772859}"
sparse_clean,Burgers — 13 observations propres,burgers,m7u,m7,m7_minus_m7u,temporal_mean_gradient_distribution_tv,10,-0.04020897926560286,-0.0682949342139065,-0.025580360926386617,0.9,0.021484375,"{""11"": -0.05369173300958967, ""111"": -0.04087839848670254, ""22"": -0.1073501407440703, ""33"": -0.03953956004450317, ""44"": -0.027263077379730653, ""55"": -0.028094849497525533, ""66"": 0.009245690134287998, ""77"": -0.0230658723552477, ""88"": -0.08289813541822336, ""99"": -0.06617044646346745}"
sparse_clean,Burgers — 13 observations propres,burgers,m7u,m7,m7_minus_m7u,temporal_mean_physics_gradient_log_gap,10,-0.3936011687005993,-0.4914355808153986,-0.2921175372996142,1.0,0.001953125,"{""11"": -0.4144519579841892, ""111"": -0.3727503794170094, ""22"": -0.5880246136353687, ""33"": -0.43487574724386785, ""44"": -0.2011065455818392, ""55"": -0.3319883172418925, ""66"": -0.2363770824067834, ""77"": -0.42677819583499693, ""88"": -0.5560929657958004, ""99"": -0.34785799219244506}"
sparse_clean,Burgers — 13 observations propres,burgers,m7u,m7,m7_minus_m7u,elapsed_seconds,10,0.052867600000013226,0.031533068999976877,0.07247280600006434,0.0,0.001953125,"{""11"": 0.0418122600000288, ""111"": 0.021125971999822468, ""22"": 0.04176335899990136, ""33"": 0.08659344800003055, ""44"": 0.021253877999924953, ""55"": 0.06766844600008426, ""66"": 0.05775937199996406, ""77"": 0.07247280600006434, ""88"": 0.04797582800006239, ""99"": 0.07744286599995576}"
sparse_clean,Burgers — 13 observations propres,burgers,m7u,m7,m7_minus_m7u,residual_evaluations,10,0.0,0.0,0.0,0.0,,"{""11"": 0.0, ""111"": 0.0, ""22"": 0.0, ""33"": 0.0, ""44"": 0.0, ""55"": 0.0, ""66"": 0.0, ""77"": 0.0, ""88"": 0.0, ""99"": 0.0}"
sparse_clean,Burgers — 13 observations propres,burgers,m7u,m7,m7_minus_m7u,importance_effective_sample_fraction,10,-0.053965337583013584,-0.07703626003273112,-0.03785379516283155,0.9,0.021484375,"{""11"": -0.02705325578777884, ""111"": -0.07703626003273112, ""22"": -0.06630629521691345, ""33"": -0.04865433453788426, ""44"": -0.039474126490678274, ""55"": -0.07791064258660374, ""66"": -0.05829113158144472, ""77"": -0.0877895233745748, ""88"": -0.049639543584582446, ""99"": 0.01792215441984024}"
sparse_clean,Burgers — 13 observations propres,burgers,m7u,m7,m7_minus_m7u,importance_weight_mean,10,0.0015531439408432712,-0.05349129399875907,0.0519599994984879,0.5,1.0,"{""11"": -0.09218803382829877, ""111"": -0.021875385279691795, ""22"": -0.09660399636089168, ""33"": 0.007169780332205722, ""44"": 0.0038585809488904665, ""55"": 0.09675021866477007, ""66"": 0.11504418630698099, ""77"": -0.0007522930672039241, ""88"": 0.02237718465506422, ""99"": -0.05349129399875907}"
sparse_clean,Burgers — 13 observations propres,burgers,m7u,m7,m7_minus_m7u,importance_weight_max,10,-0.21659613543798928,-0.5658982599097679,0.2128348353256122,0.6,0.75390625,"{""11"": -1.0655606173104006, ""111"": 0.4079629727131566, ""22"": -0.1693203075796017, ""33"": -0.867924556523159, ""44"": 0.5839106964123211, ""55"": -0.3137807688561436, ""66"": -0.26387196329637685, ""77"": 0.05589347812877499, ""88"": -0.5192843243557963, ""99"": 0.017706697938067784}"
sparse_clean,Burgers — 13 observations propres,burgers,vw,m7,m7_minus_vw,relative_l2,10,0.0228797103260672,-0.009935013559307704,0.06930335936192064,0.3,0.34375,"{""11"": -0.02074636452617351, ""111"": 0.1275700279177442, ""22"": -0.08887317357446795, ""33"": 0.0993241740222014, ""44"": 0.03928254470163989, ""55"": 0.0008763374075581032, ""66"": 0.025769016709647152, ""77"": 0.046874276324124886, ""88"": -0.0011026993623164394, ""99"": 0.019990403942487245}"
sparse_clean,Burgers — 13 observations propres,burgers,vw,m7,m7_minus_vw,max_abs_error,10,-0.0035026458310079556,-0.09170015243004032,0.0219465270992929,0.5,1.0,"{""11"": -0.07855197984628448, ""111"": 0.03730727954746005, ""22"": -0.10484832501379615, ""33"": 0.006585774651125753, ""44"": -0.012808329402726581, ""55"": -0.1609236014404185, ""66"": 0.0193571074011325, ""77"": -0.09114410670243989, ""88"": 0.08290810641909374, ""99"": 0.00580303774071067}"
sparse_clean,Burgers — 13 observations propres,burgers,vw,m7,m7_minus_vw,controller_weight_tv_per_update,10,0.07278744994100361,0.05673080767405805,0.11104520070887353,0.0,0.001953125,"{""11"": 0.05332774102707458, ""111"": 0.12365753475200376, ""22"": 0.05674875927328606, ""33"": 0.10401201382731809, ""44"": 0.09843286666574329, ""55"": 0.07468449494853653, ""66"": 0.0708904049334707, ""77"": 0.13265624203150644, ""88"": 0.04977504696106065, ""99"": 0.06013387432104152}"
sparse_clean,Burgers — 13 observations propres,burgers,vw,m7,m7_minus_vw,temporal_mean_gradient_distribution_tv,10,-0.03943106443174628,-0.0528219165727368,-0.01943358259936619,0.9,0.021484375,"{""11"": -0.026923767189476644, ""111"": -0.06121105551545359, ""22"": -0.041988107188810866, ""33"": -0.03687402167468169, ""44"": -0.025583114082309254, ""55"": -0.0019931435240506876, ""66"": 0.02264344243835595, ""77"": -0.06755855267277314, ""88"": -0.048510473970520405, ""99"": -0.04443277763002}"
sparse_clean,Burgers — 13 observations propres,burgers,vw,m7,m7_minus_vw,temporal_mean_physics_gradient_log_gap,10,-0.20473793236865834,-0.27091520573048133,-0.050144231731603456,0.8,0.109375,"{""11"": -0.24895192942311245, ""111"": -0.27860030825076854, ""22"": -0.21705332264970245, ""33"": -0.19242254208761422, ""44"": 0.02579821007174249, ""55"": -0.08344151514896749, ""66"": 0.06999901858522559, ""77"": -0.27091520573048133, ""88"": -0.3100497122207172, ""99"": -0.1260866735349494}"
sparse_clean,Burgers — 13 observations propres,burgers,vw,m7,m7_minus_vw,elapsed_seconds,10,-0.06459647350015985,-0.15999368299981143,0.8714484289997699,0.6,0.75390625,"{""11"": -0.15999368299981143, ""111"": 0.9620783820000725, ""22"": 0.7611417979996986, ""33"": -0.19933149500025138, ""44"": 0.8714484289997699, ""55"": -0.19792317099984302, ""66"": -0.054739373000302294, ""77"": 0.9255606709998574, ""88"": -0.07538805600006526, ""99"": -0.0744535740000174}"
sparse_clean,Burgers — 13 observations propres,burgers,vw,m7,m7_minus_vw,residual_evaluations,10,6400.0,6400.0,6400.0,0.0,0.001953125,"{""11"": 6400.0, ""111"": 6400.0, ""22"": 6400.0, ""33"": 6400.0, ""44"": 6400.0, ""55"": 6400.0, ""66"": 6400.0, ""77"": 6400.0, ""88"": 6400.0, ""99"": 6400.0}"
sparse_clean,Burgers — 13 observations propres,burgers,vw,m7,m7_minus_vw,importance_effective_sample_fraction,10,-0.17200958771866004,-0.21431478865062825,-0.1526232575397376,1.0,0.001953125,"{""11"": -0.11588446958230003, ""111"": -0.1700266217070836, ""22"": -0.3016813017093368, ""33"": -0.15373165019217472, ""44"": -0.21431478865062825, ""55"": -0.19525703415565798, ""66"": -0.21498065981574077, ""77"": -0.14136543413656066, ""88"": -0.17399255373023648, ""99"": -0.1526232575397376}"
sparse_clean,Burgers — 13 observations propres,burgers,vw,m7,m7_minus_vw,importance_weight_mean,10,-0.008571299375490782,-0.03497866506455438,0.01986836361576827,0.6,0.75390625,"{""11"": -0.05468629864554153, ""111"": 0.004240017105604732, ""22"": -0.11111183068950103, ""33"": 0.03549671012593181, ""44"": 0.01733104909326144, ""55"": -0.011224816981474595, ""66"": 0.07885194597504386, ""77"": -0.005917781769506969, ""88"": -0.011800664735344135, ""99"": -0.03497866506455438}"
sparse_clean,Burgers — 13 observations propres,burgers,vw,m7,m7_minus_vw,importance_weight_max,10,0.6524763240550813,0.33168451772513197,1.506409768848898,0.1,0.021484375,"{""11"": 0.4144003311409903, ""111"": 0.5257003592426841, ""22"": 1.5989723243894551, ""33"": 0.3777026312710201, ""44"": 1.9304182724819574, ""55"": 0.7792522888674784, ""66"": 1.491900398223133, ""77"": 0.24896870430927365, ""88"": -0.2989224999626501, ""99"": 1.506409768848898}"
sparse_clean,Burgers — 13 observations propres,burgers,vwca,m7,m7_minus_vwca,relative_l2,10,-0.03243445154889901,-0.06847581165372818,-0.01207368400926645,1.0,0.001953125,"{""11"": -0.0387406007558071, ""111"": -0.048860088155824544, ""22"": -0.0651430872018201, ""33"": -2.3148721343124734e-05, ""44"": -0.11326518495895188, ""55"": -0.08809153515163182, ""66"": -0.026128302341990928, ""77"": -0.000543363361594551, ""88"": -0.016384182930433755, ""99"": -0.02360400465693835}"
sparse_clean,Burgers — 13 observations propres,burgers,vwca,m7,m7_minus_vwca,max_abs_error,10,0.01124561662356477,-0.09797990562101844,0.07017266363755786,0.4,0.75390625,"{""11"": -0.08079805461382161, ""111"": 0.016396539911965435, ""22"": -0.09603807959356414, ""33"": 0.08273749595979374, ""44"": -0.11516175662821526, ""55"": -0.18759367497858803, ""66"": 0.05760783131532199, ""77"": 0.06686022633849098, ""88"": 0.10225301542708798, ""99"": 0.006094693335164103}"
sparse_clean,Burgers — 13 observations propres,burgers,vwca,m7,m7_minus_vwca,controller_weight_tv_per_update,10,0.0019129022903665097,0.0010499075067937902,0.004276213092195169,0.0,0.001953125,"{""11"": 0.0015246779832940316, ""111"": 0.004217730051473051, ""22"": 0.0017711808212503843, ""33"": 0.0037127325175264903, ""44"": 0.008461381106588575, ""55"": 0.002054623759482635, ""66"": 0.000566298749275565, ""77"": 0.004839693666863848, ""88"": 0.0010499075067937902, ""99"": 0.0008698237945037601}"
sparse_clean,Burgers — 13 observations propres,burgers,vwca,m7,m7_minus_vwca,temporal_mean_gradient_distribution_tv,10,-0.01799964557428198,-0.03535380334597041,-0.0013479824551673389,0.8,0.109375,"{""11"": -0.025882955774108887, ""111"": -0.027666510244648584, ""22"": -0.04729459906467057, ""33"": -0.007938869312141876, ""44"": -0.0032938221618024274, ""55"": 0.005242904401807198, ""66"": 0.027510775402810106, ""77"": -0.010116335374455075, ""88"": -0.04482465091783192, ""99"": -0.030523177443850497}"
sparse_clean,Burgers — 13 observations propres,burgers,vwca,m7,m7_minus_vwca,temporal_mean_physics_gradient_log_gap,10,-0.1359217646045168,-0.2540369392446271,-0.034251607550370704,0.8,0.109375,"{""11"": -0.2452630174126239, ""111"": -0.2601528425573837, ""22"": -0.2540369392446271, ""33"": -0.10467327520585161, ""44"": 0.0361700601051102, ""55"": -0.0669331729318575, ""66"": 0.07078047068612989, ""77"": -0.1630071372910884, ""88"": -0.30564092252990516, ""99"": -0.1088363919179452}"
sparse_clean,Burgers — 13 observations propres,burgers,vwca,m7,m7_minus_vwca,elapsed_seconds,10,-0.17448104350000904,-0.3495173789999626,0.752734141012629,0.6,0.75390625,"{""11"": -0.6017223270000613, ""111"": 0.8413103070001853, ""22"": 0.6678054899998642, ""33"": -0.3495173789999626, ""44"": 0.7526873780001324, ""55"": -0.3687229619996515, ""66"": -0.2485842500000217, ""77"": 0.8831100970000989, ""88"": -0.13088223399972776, ""99"": -0.2180798530002903}"
sparse_clean,Burgers — 13 observations propres,burgers,vwca,m7,m7_minus_vwca,residual_evaluations,10,0.0,0.0,0.0,0.0,,"{""11"": 0.0, ""111"": 0.0, ""22"": 0.0, ""33"": 0.0, ""44"": 0.0, ""55"": 0.0, ""66"": 0.0, ""77"": 0.0, ""88"": 0.0, ""99"": 0.0}"
sparse_clean,Burgers — 13 observations propres,burgers,vwca,m7,m7_minus_vwca,importance_effective_sample_fraction,10,-0.20642681102575605,-0.23113462678914376,-0.17470598355609035,1.0,0.001953125,"{""11"": -0.0996795738860915, ""111"": -0.2173175598465793, ""22"": -0.2787653960748959, ""33"": -0.1955360622049328, ""44"": -0.237458085580317, ""55"": -0.22170115269995172, ""66"": -0.23113462678914376, ""77"": -0.16288405512437643, ""88"": -0.17577165318356835, ""99"": -0.18652791198780427}"
sparse_clean,Burgers — 13 observations propres,burgers,vwca,m7,m7_minus_vwca,importance_weight_mean,10,-0.008571299375490948,-0.034978665064554715,0.019868363615768214,0.6,0.75390625,"{""11"": -0.05468629864554164, ""111"": 0.004240017105604843, ""22"": -0.11111183068950103, ""33"": 0.035496710125931585, ""44"": 0.017331049093261663, ""55"": -0.011224816981474817, ""66"": 0.07885194597504419, ""77"": -0.00591778176950708, ""88"": -0.011800664735343802, ""99"": -0.034978665064554715}"
sparse_clean,Burgers — 13 observations propres,burgers,vwca,m7,m7_minus_vwca,importance_weight_max,10,0.8750548286340443,0.38189414124676246,1.431090160693002,0.1,0.021484375,"{""11"": -0.11120856781262578, ""111"": 1.2943347008226982, ""22"": 1.6571951588560068, ""33"": 0.666238358012778, ""44"": 2.1087051252293327, ""55"": 0.7375414554889415, ""66"": 1.012568201779147, ""77"": 0.6556560994217095, ""88"": 0.026246827004583473, ""99"": 1.2049851625299972}"
sparse_clean,Burgers — 13 observations propres,burgers,vw,vwca,vwca_minus_vw,relative_l2,10,0.04965747936867876,0.017994236229633587,0.12075780110989084,0.1,0.021484375,"{""11"": 0.017994236229633587, ""111"": 0.17643011607356873, ""22"": -0.02373008637264784, ""33"": 0.09934732274354452, ""44"": 0.15254772966059177, ""55"": 0.08896787255918992, ""66"": 0.05189731905163808, ""77"": 0.04741763968571944, ""88"": 0.015281483568117316, ""99"": 0.043594408599425594}"
sparse_clean,Burgers — 13 observations propres,burgers,vw,vwca,vwca_minus_vw,max_abs_error,10,-0.0045509505073427214,-0.04774831515833111,0.020910739635494613,0.6,0.75390625,"{""11"": 0.0022460747675371318, ""111"": 0.020910739635494613, ""22"": -0.00881024542023201, ""33"": -0.07615172130866799, ""44"": 0.10235342722548868, ""55"": 0.026670073538169525, ""66"": -0.03825072391418949, ""77"": -0.15800433304093087, ""88"": -0.019344909007994238, ""99"": -0.0002916555944534327}"
sparse_clean,Burgers — 13 observations propres,burgers,vw,vwca,vwca_minus_vw,controller_weight_tv_per_update,10,0.07147698868662451,0.05497757845203568,0.1002992813097916,0.0,0.001953125,"{""11"": 0.051803063043780545, ""111"": 0.11943980470053071, ""22"": 0.05497757845203568, ""33"": 0.1002992813097916, ""44"": 0.08997148555915471, ""55"": 0.0726298711890539, ""66"": 0.07032410618419513, ""77"": 0.1278165483646426, ""88"": 0.04872513945426686, ""99"": 0.059264050526537757}"
sparse_clean,Burgers — 13 observations propres,burgers,vw,vwca,vwca_minus_vw,temporal_mean_gradient_distribution_tv,10,-0.010572824056013695,-0.028935152362539816,-0.002954072189910957,0.9,0.021484375,"{""11"": -0.0010408114153677567, ""111"": -0.033544545270805005, ""22"": 0.005306491875859701, ""33"": -0.028935152362539816, ""44"": -0.022289291920506826, ""55"": -0.007236047925857886, ""66"": -0.004867332964454157, ""77"": -0.057442217298318055, ""88"": -0.0036858230526884833, ""99"": -0.013909600186169505}"
sparse_clean,Burgers — 13 observations propres,burgers,vw,vwca,vwca_minus_vw,temporal_mean_physics_gradient_log_gap,10,-0.013440096125238846,-0.0524997742493834,-0.0025951208958581717,0.9,0.021484375,"{""11"": -0.003688912010488543, ""111"": -0.018447465693384846, ""22"": 0.03698361659492466, ""33"": -0.0877492668817626, ""44"": -0.010371850033367713, ""55"": -0.016508342217109978, ""66"": -0.0007814521009043007, ""77"": -0.10790806843939293, ""88"": -0.004408789690812043, ""99"": -0.017250281617004204}"
sparse_clean,Burgers — 13 observations propres,burgers,vw,vwca,vwca_minus_vw,elapsed_seconds,10,0.13219717700008005,0.08712761449965001,0.17201538049971532,0.0,0.001953125,"{""11"": 0.4417286440002499, ""111"": 0.12076807499988718, ""22"": 0.09333630799983439, ""33"": 0.15018588399971122, ""44"": 0.11876105099963752, ""55"": 0.17079979099980847, ""66"": 0.19384487699971942, ""77"": 0.04245057399975849, ""88"": 0.0554941779996625, ""99"": 0.14362627900027292}"
sparse_clean,Burgers — 13 observations propres,burgers,vw,vwca,vwca_minus_vw,residual_evaluations,10,6400.0,6400.0,6400.0,0.0,0.001953125,"{""11"": 6400.0, ""111"": 6400.0, ""22"": 6400.0, ""33"": 6400.0, ""44"": 6400.0, ""55"": 6400.0, ""66"": 6400.0, ""77"": 6400.0, ""88"": 6400.0, ""99"": 6400.0}"
sparse_clean,Burgers — 13 observations propres,burgers,vw,vwca,vwca_minus_vw,importance_effective_sample_fraction,10,0.022330958958752256,0.0017339853579639122,0.03390465444806667,0.2,0.109375,"{""11"": -0.016204895696208532, ""111"": 0.0472909381394957, ""22"": -0.022915905634440903, ""33"": 0.041804412012758085, ""44"": 0.02314329692968875, ""55"": 0.026444118544293738, ""66"": 0.01615396697340299, ""77"": 0.021518620987815762, ""88"": 0.0017790994533318782, ""99"": 0.03390465444806667}"
sparse_clean,Burgers — 13 observations propres,burgers,vw,vwca,vwca_minus_vw,importance_weight_mean,10,5.551115123125783e-17,-2.220446049250313e-16,2.220446049250313e-16,0.4,1.0,"{""11"": 1.1102230246251565e-16, ""111"": -1.1102230246251565e-16, ""22"": 0.0, ""33"": 2.220446049250313e-16, ""44"": -2.220446049250313e-16, ""55"": 2.220446049250313e-16, ""66"": -3.3306690738754696e-16, ""77"": 1.1102230246251565e-16, ""88"": -3.3306690738754696e-16, ""99"": 3.3306690738754696e-16}"
sparse_clean,Burgers — 13 observations propres,burgers,vw,vwca,vwca_minus_vw,importance_weight_max,10,-0.11825484360696348,-0.3476115609270969,0.3014246063189008,0.6,0.75390625,"{""11"": 0.5256088989536161, ""111"": -0.7686343415800141, ""22"": -0.05822283446655163, ""33"": -0.28853572674175787, ""44"": -0.17828685274737532, ""55"": 0.04171083337853698, ""66"": 0.47933219644398584, ""77"": -0.4066873951124359, ""88"": -0.32516932696723355, ""99"": 0.3014246063189008}"
sparse_noisy,Burgers — 13 observations bruitées,burgers,m5,m7,m7_minus_m5,relative_l2,10,-0.04635903182724482,-0.07493814428374823,-0.026236129495893046,1.0,0.001953125,"{""11"": -0.03790642548225909, ""111"": -0.04904464358804572, ""22"": -0.0807523118187376, ""33"": -0.026236129495893046, ""44"": -0.02587892874081732, ""55"": -0.07493814428374823, ""66"": -0.016367818997362393, ""77"": -0.04784428453107359, ""88"": -0.09489584182601324, ""99"": -0.04487377912341606}"
sparse_noisy,Burgers — 13 observations bruitées,burgers,m5,m7,m7_minus_m5,max_abs_error,10,-0.04485854828511604,-0.10345148089315692,0.043434440168389266,0.7,0.34375,"{""11"": -0.03919301014285548, ""111"": -0.0505240864273766, ""22"": -0.10345148089315692, ""33"": 0.04749890577180094, ""44"": 0.10807638910539441, ""55"": -0.12541516108398865, ""66"": 0.043434440168389266, ""77"": -0.05970861123318438, ""88"": -0.12205061673269979, ""99"": -0.025148708209870696}"
sparse_noisy,Burgers — 13 observations bruitées,burgers,m5,m7,m7_minus_m5,controller_weight_tv_per_update,10,0.0025029569749050982,0.002103122210708408,0.004659775115897158,0.1,0.021484375,"{""11"": 0.0019923016387578332, ""111"": 0.004659775115897158, ""22"": -0.0008371823154851299, ""33"": 0.006242903782334927, ""44"": 0.0021392237017890253, ""55"": 0.00359468691979839, ""66"": 0.002507616200602282, ""77"": 0.00543892787513621, ""88"": 0.0024982977492079145, ""99"": 0.0022139427826589828}"
sparse_noisy,Burgers — 13 observations bruitées,burgers,m5,m7,m7_minus_m5,temporal_mean_gradient_distribution_tv,10,-0.030046077256568816,-0.06933403936921514,-0.020745108533445383,0.9,0.021484375,"{""11"": -0.05802731061428754, ""111"": -0.020745108533445383, ""22"": -0.11039933368581484, ""33"": -0.03303486979896056, ""44"": -0.027057284714177073, ""55"": -0.024045179857186162, ""66"": 0.02380642577851355, ""77"": -0.02073807176010408, ""88"": -0.08064076812414275, ""99"": -0.06716176979948059}"
sparse_noisy,Burgers — 13 observations bruitées,burgers,m5,m7,m7_minus_m5,temporal_mean_physics_gradient_log_gap,10,-0.3174000467987599,-0.4517205379682524,-0.21343457322770204,1.0,0.001953125,"{""11"": -0.4517205379682524, ""111"": -0.3004423366609369, ""22"": -0.5630907137085317, ""33"": -0.3676367617292219, ""44"": -0.17387335360444184, ""55"": -0.33435775693658293, ""66"": -0.18938719090313108, ""77"": -0.21343457322770204, ""88"": -0.5336607477526959, ""99"": -0.27163816762955584}"
sparse_noisy,Burgers — 13 observations bruitées,burgers,m5,m7,m7_minus_m5,elapsed_seconds,10,-0.21186142449965928,-0.4873442449995764,0.46350487400059137,0.6,0.75390625,"{""11"": -0.15703718199972627, ""111"": -0.40836858300031054, ""22"": 0.46350487400059137, ""33"": -0.4873442449995764, ""44"": -0.5800088669997194, ""55"": 0.27439286399931007, ""66"": -0.5436260009994385, ""77"": 0.7294210489999386, ""88"": 0.6041939759995785, ""99"": -0.2666856669995923}"
sparse_noisy,Burgers — 13 observations bruitées,burgers,m5,m7,m7_minus_m5,residual_evaluations,10,0.0,0.0,0.0,0.0,,"{""11"": 0.0, ""111"": 0.0, ""22"": 0.0, ""33"": 0.0, ""44"": 0.0, ""55"": 0.0, ""66"": 0.0, ""77"": 0.0, ""88"": 0.0, ""99"": 0.0}"
sparse_noisy,Burgers — 13 observations bruitées,burgers,m5,m7,m7_minus_m5,importance_effective_sample_fraction,0,,,,,,{}
sparse_noisy,Burgers — 13 observations bruitées,burgers,m5,m7,m7_minus_m5,importance_weight_mean,0,,,,,,{}
sparse_noisy,Burgers — 13 observations bruitées,burgers,m5,m7,m7_minus_m5,importance_weight_max,0,,,,,,{}
sparse_noisy,Burgers — 13 observations bruitées,burgers,m7u,m7,m7_minus_m7u,relative_l2,10,-0.04817110283926118,-0.08121477091875848,-0.024709532192876305,0.9,0.021484375,"{""11"": -0.03136186000864727, ""111"": -0.055997514039938356, ""22"": -0.1064320277975786, ""33"": 0.016740983979177115, ""44"": -0.04373205002356417, ""55"": -0.026969283833181756, ""66"": -0.01805720437710534, ""77"": -0.05751954333613374, ""88"": -0.11422897396886827, ""99"": -0.05261015565495819}"
sparse_noisy,Burgers — 13 observations bruitées,burgers,m7u,m7,m7_minus_m7u,max_abs_error,10,0.003188269338971428,-0.07262655106243981,0.050923535754631155,0.4,0.75390625,"{""11"": 0.000979422015031206, ""111"": 0.00539711666291165, ""22"": -0.13665000199355315, ""33"": 0.1808937603476395, ""44"": 0.08025243336204158, ""55"": 0.014874199129707222, ""66"": 0.050923535754631155, ""77"": -0.051653210719919906, ""88"": -0.12933332072448644, ""99"": -0.015919781400393185}"
sparse_noisy,Burgers — 13 observations bruitées,burgers,m7u,m7,m7_minus_m7u,controller_weight_tv_per_update,10,0.0035004182024640333,0.002021122850807834,0.0048142494505240205,0.1,0.021484375,"{""11"": 0.0006059960919544208, ""111"": 0.003711617070777551, ""22"": -0.001263316182807242, ""33"": 0.007082671809580943, ""44"": 0.0026830960325629205, ""55"": 0.003564586795266819, ""66"": 0.0034362496096612474, ""77"": 0.00591688183027049, ""88"": 0.002576388197360384, ""99"": 0.003929159270762712}"
sparse_noisy,Burgers — 13 observations bruitées,burgers,m7u,m7,m7_minus_m7u,temporal_mean_gradient_distribution_tv,10,-0.03569986708429186,-0.07749860978120905,-0.02474406694527377,0.9,0.021484375,"{""11"": -0.057583411919590426, ""111"": -0.02663345968131857, ""22"": -0.12068431599233967, ""33"": -0.03476713886605051, ""44"": -0.02734899451149842, ""55"": -0.03663259530253321, ""66"": 0.021353489486265906, ""77"": -0.02213913937904912, ""88"": -0.0848532004085849, ""99"": -0.07749860978120905}"
sparse_noisy,Burgers — 13 observations bruitées,burgers,m7u,m7,m7_minus_m7u,temporal_mean_physics_gradient_log_gap,10,-0.37136299736739053,-0.4837445138346025,-0.26659847301624756,1.0,0.001953125,"{""11"": -0.4668503878479001, ""111"": -0.3574171714208416, ""22"": -0.6346241434621923, ""33"": -0.3853088233139395, ""44"": -0.22338914663891385, ""55"": -0.41006168838676654, ""66"": -0.22754380503602692, ""77"": -0.26659847301624756, ""88"": -0.5574273392824385, ""99"": -0.32557488877375323}"
sparse_noisy,Burgers — 13 observations bruitées,burgers,m7u,m7,m7_minus_m7u,elapsed_seconds,10,0.08087410699999964,0.016200763000028928,0.6430169884999941,0.1,0.021484375,"{""11"": 0.11162666000006993, ""111"": -1.1254219850000027, ""22"": 0.014971070000001419, ""33"": 0.0646484540000074, ""44"": 0.09709975999999187, ""55"": 0.05288343600011558, ""66"": 0.016200763000028928, ""77"": 1.206530128000054, ""88"": 1.1850091939999174, ""99"": 0.10102478300007078}"
sparse_noisy,Burgers — 13 observations bruitées,burgers,m7u,m7,m7_minus_m7u,residual_evaluations,10,0.0,0.0,0.0,0.0,,"{""11"": 0.0, ""111"": 0.0, ""22"": 0.0, ""33"": 0.0, ""44"": 0.0, ""55"": 0.0, ""66"": 0.0, ""77"": 0.0, ""88"": 0.0, ""99"": 0.0}"
sparse_noisy,Burgers — 13 observations bruitées,burgers,m7u,m7,m7_minus_m7u,importance_effective_sample_fraction,10,-0.0553610124908564,-0.09425725644865535,-0.002874191303924911,0.8,0.109375,"{""11"": -0.023236269153774525, ""111"": -0.04855003544499803, ""22"": -0.10127828149090856, ""33"": -0.09425725644865535, ""44"": 0.017487886545924702, ""55"": -0.06217198953671477, ""66"": -0.0629230811103979, ""77"": -0.007279049766245604, ""88"": 0.036321926059911136, ""99"": -0.12828949084839347}"
sparse_noisy,Burgers — 13 observations bruitées,burgers,m7u,m7,m7_minus_m7u,importance_weight_mean,10,-0.010184096462203418,-0.0371696064315149,0.029986732411913186,0.6,0.75390625,"{""11"": -0.02114112838063309, ""111"": 0.09753212962906943, ""22"": 0.05343190876899695, ""33"": 0.006541556054829423, ""44"": -0.03380178464726824, ""55"": -0.05319808448239671, ""66"": 0.0099238383890361, ""77"": -0.002124552135525759, ""88"": -0.09415527544712399, ""99"": -0.018243640788881077}"
sparse_noisy,Burgers — 13 observations bruitées,burgers,m7u,m7,m7_minus_m7u,importance_weight_max,10,-0.18994017707600275,-0.5544964647657844,0.49737169805483905,0.6,0.75390625,"{""11"": -0.5122192723971324, ""111"": -0.43998698042911943, ""22"": 0.9497592514136066, ""33"": 0.4752669420350779, ""44"": -1.2302576298962604, ""55"": 0.5786923953392673, ""66"": 0.4160510007704108, ""77"": -0.37860104280261897, ""88"": -0.6690059491024494, ""99"": -0.001279311349386525}"
sparse_noisy,Burgers — 13 observations bruitées,burgers,vw,m7,m7_minus_vw,relative_l2,10,0.008966952769679293,-0.025500226025126693,0.052170602311180675,0.5,1.0,"{""11"": -0.015173288311524424, ""111"": 0.02912332670088602, ""22"": -0.10792874638102395, ""33"": 0.11247999688205512, ""44"": 0.031006588406281343, ""55"": -0.011189421161527435, ""66"": 0.044941861191623356, ""77"": 0.07333461621608, ""88"": -0.02830028497103171, ""99"": -0.025500226025126693}"
sparse_noisy,Burgers — 13 observations bruitées,burgers,vw,m7,m7_minus_vw,max_abs_error,10,0.014949948221885112,-0.12439873033329629,0.08534943186162869,0.5,1.0,"{""11"": -0.019320322659821754, ""111"": -0.12941270172909447, ""22"": -0.12127190882351435, ""33"": 0.10092618126255326, ""44"": 0.04922021910359198, ""55"": -0.2008342260650675, ""66"": 0.10822517987088964, ""77"": 0.06977268246070412, ""88"": 0.07563987507081371, ""99"": -0.11938475893749811}"
sparse_noisy,Burgers — 13 observations bruitées,burgers,vw,m7,m7_minus_vw,controller_weight_tv_per_update,10,0.07445901430011505,0.057174463762224036,0.09966470736380398,0.0,0.001953125,"{""11"": 0.057174463762224036, ""111"": 0.10746706930888442, ""22"": 0.08536075262509338, ""33"": 0.09475939852949714, ""44"": 0.09186234541872354, ""55"": 0.05680786819490514, ""66"": 0.06138612882308877, ""77"": 0.12520980908776838, ""88"": 0.06355727597513672, ""99"": 0.04727146239110838}"
sparse_noisy,Burgers — 13 observations bruitées,burgers,vw,m7,m7_minus_vw,temporal_mean_gradient_distribution_tv,10,-0.030394689116999257,-0.04545227709483248,-0.01165128233786367,0.8,0.109375,"{""11"": -0.023307411496239168, ""111"": -0.03320442711806952, ""22"": -0.04316277569249742, ""33"": -0.027227405429122022, ""44"": -0.027584951115928992, ""55"": 0.004282386440201652, ""66"": 0.01933922309157056, ""77"": -0.05660469092951983, ""88"": -0.043186814974329336, ""99"": -0.04774177849716754}"
sparse_noisy,Burgers — 13 observations bruitées,burgers,vw,m7,m7_minus_vw,temporal_mean_physics_gradient_log_gap,10,-0.15276526925720252,-0.21706188598688309,-0.0631943884594826,0.8,0.109375,"{""11"": -0.2654016249824277, ""111"": -0.14809810407943638, ""22"": -0.21706188598688309, ""33"": -0.1606110736926063, ""44"": 0.021709327160471192, ""55"": -0.06781425211205101, ""66"": 0.02630106324406037, ""77"": -0.15743243443496868, ""88"": -0.28466484960552546, ""99"": -0.07740025065199044}"
sparse_noisy,Burgers — 13 observations bruitées,burgers,vw,m7,m7_minus_vw,elapsed_seconds,10,-0.04145934900003567,-0.17452077299981283,0.8679910909997943,0.5,1.0,"{""11"": -0.1363957510001228, ""111"": -0.19041960399977143, ""22"": 1.154114330000084, ""33"": -0.21519399100020564, ""44"": 0.026453559000060523, ""55"": 0.7263365009998779, ""66"": -0.17452077299981283, ""77"": 1.0096456809997107, ""88"": 0.836196475999941, ""99"": -0.10937225700013187}"
sparse_noisy,Burgers — 13 observations bruitées,burgers,vw,m7,m7_minus_vw,residual_evaluations,10,6400.0,6400.0,6400.0,0.0,0.001953125,"{""11"": 6400.0, ""111"": 6400.0, ""22"": 6400.0, ""33"": 6400.0, ""44"": 6400.0, ""55"": 6400.0, ""66"": 6400.0, ""77"": 6400.0, ""88"": 6400.0, ""99"": 6400.0}"
sparse_noisy,Burgers — 13 observations bruitées,burgers,vw,m7,m7_minus_vw,importance_effective_sample_fraction,10,-0.1972884981593575,-0.24205954142519526,-0.1428044302013614,1.0,0.001953125,"{""11"": -0.12384761385800125, ""111"": -0.15183909740578028, ""22"": -0.25230554326025856, ""33"": -0.19095548528984152, ""44"": -0.2036215110288735, ""55"": -0.24559187171022212, ""66"": -0.24205954142519526, ""77"": -0.09928148657768521, ""88"": -0.16176124654472157, ""99"": -0.23397406172945345}"
sparse_noisy,Burgers — 13 observations bruitées,burgers,vw,m7,m7_minus_vw,importance_weight_mean,10,0.013447587831081576,-0.037587084108408886,0.027751891249909733,0.4,0.75390625,"{""11"": -0.03726695882556941, ""111"": 0.039386108388400176, ""22"": 0.03763257739742043, ""33"": 0.013692475971322615, ""44"": -0.027051369219644794, ""55"": -0.04812279899717298, ""66"": 0.017871205102399035, ""77"": 0.023742463200556285, ""88"": -0.07053156462085775, ""99"": 0.013202699690840536}"
sparse_noisy,Burgers — 13 observations bruitées,burgers,vw,m7,m7_minus_vw,importance_weight_max,10,0.5864570868635299,-0.024313412583828686,1.603667895904983,0.3,0.34375,"{""11"": 0.46758477223733586, ""111"": -0.024313412583828686, ""22"": 1.4188309673420099, ""33"": 0.6940812089287691, ""44"": 0.47883296479829074, ""55"": 1.7885048244679562, ""66"": 1.9203571877582943, ""77"": -0.08338912694582312, ""88"": -0.35148341106542524, ""99"": 1.4804645767790499}"
sparse_noisy,Burgers — 13 observations bruitées,burgers,vwca,m7,m7_minus_vwca,relative_l2,10,-0.028460241218167426,-0.05624428958385588,-0.007787697630573104,0.9,0.021484375,"{""11"": -0.025553572265803348, ""111"": -0.0410444416673198, ""22"": -0.07144413750039197, ""33"": 0.02248359577663417, ""44"": -0.01093797132232932, ""55"": -0.07662462295752781, ""66"": -0.0013121394920136975, ""77"": -0.0313669101705315, ""88"": -0.01426325576913251, ""99"": -0.051065438096136506}"
sparse_noisy,Burgers — 13 observations bruitées,burgers,vwca,m7,m7_minus_vwca,max_abs_error,10,-0.026440400546559217,-0.07540410160847671,0.13432674232254932,0.6,0.75390625,"{""11"": -0.0386685330589126, ""111"": -0.01778327976429739, ""22"": -0.11213967015804083, ""33"": 0.18606461514322659, ""44"": 0.1557620103601407, ""55"": -0.15354580642427607, ""66"": 0.11927495601188765, ""77"": -0.04613768049222711, ""88"": 0.11289147428495794, ""99"": -0.035097521328821046}"
sparse_noisy,Burgers — 13 observations bruitées,burgers,vwca,m7,m7_minus_vwca,controller_weight_tv_per_update,10,0.0015485031928380959,0.0006341554116021109,0.0026834614685514804,0.1,0.021484375,"{""11"": 0.001653877199037146, ""111"": 0.002127755335423226, ""22"": -0.0001261734079452681, ""33"": 0.002551266977709535, ""44"": 0.003239167601679735, ""55"": 0.0003955378851268482, ""66"": 0.0006341554116021109, ""77"": 0.00853872585246375, ""88"": 0.0014431291866390458, ""99"": 0.0009613381406766916}"
sparse_noisy,Burgers — 13 observations bruitées,burgers,vwca,m7,m7_minus_vwca,temporal_mean_gradient_distribution_tv,10,-0.006632579881402952,-0.03757153700736454,0.0016192830873777396,0.8,0.109375,"{""11"": -0.02405014472934646, ""111"": -0.0002201540823330156, ""22"": -0.05575698636084972, ""33"": -0.006800340779934518, ""44"": -0.006464818982871386, ""55"": 0.008216019150536942, ""66"": 0.0263856033954339, ""77"": -0.004977452975781463, ""88"": -0.04051341119219546, ""99"": -0.03757153700736454}"
sparse_noisy,Burgers — 13 observations bruitées,burgers,vwca,m7,m7_minus_vwca,temporal_mean_physics_gradient_log_gap,10,-0.07598357906275038,-0.2604463013437203,-0.014554118999081364,0.8,0.109375,"{""11"": -0.27651532921007466, ""111"": -0.05566130345182027, ""22"": -0.2755318774327414, ""33"": -0.0818714656232055, ""44"": 0.026553065453657543, ""55"": -0.09032941560065182, ""66"": 0.02885126082811887, ""77"": -0.024040752645914987, ""88"": -0.2604463013437203, ""99"": -0.07009569250229528}"
sparse_noisy,Burgers — 13 observations bruitées,burgers,vwca,m7,m7_minus_vwca,elapsed_seconds,10,-0.07690879299991593,-0.2245216660001006,0.9294999520000147,0.6,0.75390625,"{""11"": -0.08754111099995043, ""111"": -0.2691156109997337, ""22"": 1.025447652999901, ""33"": -0.2245216660001006, ""44"": -0.06627647499988143, ""55"": 1.0200865140000133, ""66"": -0.23400921499955984, ""77"": 0.9054203629998483, ""88"": 0.9294999520000147, ""99"": -0.17724271299971406}"
sparse_noisy,Burgers — 13 observations bruitées,burgers,vwca,m7,m7_minus_vwca,residual_evaluations,10,0.0,0.0,0.0,0.0,,"{""11"": 0.0, ""111"": 0.0, ""22"": 0.0, ""33"": 0.0, ""44"": 0.0, ""55"": 0.0, ""66"": 0.0, ""77"": 0.0, ""88"": 0.0, ""99"": 0.0}"
sparse_noisy,Burgers — 13 observations bruitées,burgers,vwca,m7,m7_minus_vwca,importance_effective_sample_fraction,10,-0.20139880842120378,-0.2442141033598899,-0.15389278628825953,1.0,0.001953125,"{""11"": -0.13854926225137365, ""111"": -0.18070573576316362, ""22"": -0.292910253972008, ""33"": -0.24639001626772283, ""44"": -0.185462695194204, ""55"": -0.21733492164820356, ""66"": -0.23707837452422942, ""77"": -0.15389278628825953, ""88"": -0.1519546658577089, ""99"": -0.2442141033598899}"
sparse_noisy,Burgers — 13 observations bruitées,burgers,vwca,m7,m7_minus_vwca,importance_weight_mean,10,0.013447587831081464,-0.03758708410840872,0.02775189124990962,0.4,0.75390625,"{""11"": -0.03726695882556963, ""111"": 0.0393861083884004, ""22"": 0.03763257739742043, ""33"": 0.013692475971322393, ""44"": -0.02705136921964435, ""55"": -0.04812279899717309, ""66"": 0.017871205102398813, ""77"": 0.023742463200556396, ""88"": -0.07053156462085741, ""99"": 0.013202699690840536}"
sparse_noisy,Burgers — 13 observations bruitées,burgers,vwca,m7,m7_minus_vwca,importance_weight_max,10,1.1973636389488365,0.02612199580160901,1.7439811115946922,0.2,0.109375,"{""11"": 0.7069562589474998, ""111"": 0.9149046056310066, ""22"": 2.6115780559044617, ""33"": 1.6317212877420708, ""44"": -0.6547122673442818, ""55"": 1.956262202781332, ""66"": 1.5317000204080524, ""77"": 0.34944109385864586, ""88"": -0.7388067880006304, ""99"": 1.4798226722666663}"
sparse_noisy,Burgers — 13 observations bruitées,burgers,vw,vwca,vwca_minus_vw,relative_l2,10,0.04409928020612386,0.005764091434555307,0.07771580145071066,0.2,0.109375,"{""11"": 0.010380283954278924, ""111"": 0.07016776836820582, ""22"": -0.036484608880631986, ""33"": 0.08999640110542095, ""44"": 0.041944559728610664, ""55"": 0.06543520179600038, ""66"": 0.04625400068363705, ""77"": 0.10470152638661151, ""88"": -0.014037029201899198, ""99"": 0.025565212071009813}"
sparse_noisy,Burgers — 13 observations bruitées,burgers,vw,vwca,vwca_minus_vw,max_abs_error,10,-0.042270009427467836,-0.0954145144326129,0.004149217129046423,0.8,0.109375,"{""11"": 0.01934821039909085, ""111"": -0.11162942196479708, ""22"": -0.009132238665473524, ""33"": -0.08513843388067333, ""44"": -0.10654179125654872, ""55"": -0.047288419640791446, ""66"": -0.011049776140998002, ""77"": 0.11591036295293122, ""88"": -0.037251599214144226, ""99"": -0.08428723760867707}"
sparse_noisy,Burgers — 13 observations bruitées,burgers,vw,vwca,vwca_minus_vw,controller_weight_tv_per_update,10,0.07380053641076816,0.05641233030977829,0.0969812458952525,0.0,0.001953125,"{""11"": 0.05552058656318689, ""111"": 0.10533931397346119, ""22"": 0.08548692603303865, ""33"": 0.0922081315517876, ""44"": 0.0886231778170438, ""55"": 0.05641233030977829, ""66"": 0.06075197341148666, ""77"": 0.11667108323530463, ""88"": 0.06211414678849767, ""99"": 0.04631012425043169}"
sparse_noisy,Burgers — 13 observations bruitées,burgers,vw,vwca,vwca_minus_vw,temporal_mean_gradient_distribution_tv,10,-0.008608310896833171,-0.026705668842462005,-0.0015954497386139986,0.8,0.109375,"{""11"": 0.0007427332331072928, ""111"": -0.032984273035736505, ""22"": 0.012594210668352299, ""33"": -0.020427064649187504, ""44"": -0.021120132133057606, ""55"": -0.00393363271033529, ""66"": -0.007046380303863342, ""77"": -0.051627237953738365, ""88"": -0.0026734037821338763, ""99"": -0.010170241489803}"
sparse_noisy,Burgers — 13 observations bruitées,burgers,vw,vwca,vwca_minus_vw,temporal_mean_physics_gradient_log_gap,10,-0.006074148221440756,-0.07873960806940078,0.011113704227646959,0.7,0.34375,"{""11"": 0.011113704227646959, ""111"": -0.09243680062761611, ""22"": 0.058469991445858294, ""33"": -0.07873960806940078, ""44"": -0.00484373829318635, ""55"": 0.022515163488600803, ""66"": -0.0025501975840585, ""77"": -0.1333916817890537, ""88"": -0.02421854826180514, ""99"": -0.007304558149695162}"
sparse_noisy,Burgers — 13 observations bruitées,burgers,vw,vwca,vwca_minus_vw,elapsed_seconds,10,0.0636794489996646,-0.04885464000017237,0.09273003399994195,0.3,0.34375,"{""11"": -0.04885464000017237, ""111"": 0.07869600699996226, ""22"": 0.12866667700018297, ""33"": 0.009327674999894953, ""44"": 0.09273003399994195, ""55"": -0.29375001300013537, ""66"": 0.05948844199974701, ""77"": 0.10422531799986245, ""88"": -0.09330347600007372, ""99"": 0.06787045599958219}"
sparse_noisy,Burgers — 13 observations bruitées,burgers,vw,vwca,vwca_minus_vw,residual_evaluations,10,6400.0,6400.0,6400.0,0.0,0.001953125,"{""11"": 6400.0, ""111"": 6400.0, ""22"": 6400.0, ""33"": 6400.0, ""44"": 6400.0, ""55"": 6400.0, ""66"": 6400.0, ""77"": 6400.0, ""88"": 6400.0, ""99"": 6400.0}"
sparse_noisy,Burgers — 13 observations bruitées,burgers,vw,vwca,vwca_minus_vw,importance_effective_sample_fraction,10,0.01247084501190443,-0.011569991367817667,0.041738969033978834,0.4,0.75390625,"{""11"": 0.014701648393372402, ""111"": 0.028866638357383345, ""22"": 0.040604710711749425, ""33"": 0.05543453097788131, ""44"": -0.018158815834669495, ""55"": -0.02825695006201856, ""66"": -0.004981166900965839, ""77"": 0.054611299710574324, ""88"": -0.009806580687012678, ""99"": 0.010240041630436458}"
sparse_noisy,Burgers — 13 observations bruitées,burgers,vw,vwca,vwca_minus_vw,importance_weight_mean,10,0.0,-2.220446049250313e-16,2.220446049250313e-16,0.4,1.0,"{""11"": 2.220446049250313e-16, ""111"": -2.220446049250313e-16, ""22"": 0.0, ""33"": 2.220446049250313e-16, ""44"": -4.440892098500626e-16, ""55"": 1.1102230246251565e-16, ""66"": 2.220446049250313e-16, ""77"": -1.1102230246251565e-16, ""88"": -3.3306690738754696e-16, ""99"": 0.0}"
sparse_noisy,Burgers — 13 observations bruitées,burgers,vw,vwca,vwca_minus_vw,importance_weight_max,10,-0.2035644325117698,-0.9376400788133017,0.38732337693520513,0.6,0.75390625,"{""11"": -0.23937148671016395, ""111"": -0.9392180182148353, ""22"": -1.1927470885624518, ""33"": -0.9376400788133017, ""44"": 1.1335452321425725, ""55"": -0.16775737831337567, ""66"": 0.3886571673502419, ""77"": -0.432830220804469, ""88"": 0.38732337693520513, ""99"": 0.000641904512383551}"
extreme_noise,Burgers — une observation et bruit fort,burgers,m5,m7,m7_minus_m5,relative_l2,10,-0.021727427431318502,-0.046069416844215505,-0.015143516690246273,1.0,0.001953125,"{""11"": -0.054427753806453705, ""111"": -0.011456315959970431, ""22"": -0.023776903218456824, ""33"": -0.08507962455901774, ""44"": -0.01967795164418018, ""55"": -0.006226121564407383, ""66"": -0.015143516690246273, ""77"": -0.015355843335674413, ""88"": -0.037711079881977305, ""99"": -0.03824702021505688}"
extreme_noise,Burgers — une observation et bruit fort,burgers,m5,m7,m7_minus_m5,max_abs_error,10,0.02241573816287251,-0.029047042306826754,0.0427377418180484,0.3,0.34375,"{""11"": -0.16606792754516186, ""111"": 0.023798697474984642, ""22"": 0.006326748849902808, ""33"": -0.029047042306826754, ""44"": 0.0579998017657114, ""55"": 0.02103277885076038, ""66"": -0.05063413732243793, ""77"": 0.058633949286684306, ""88"": 0.027475681870385404, ""99"": 0.036970447321457156}"
extreme_noise,Burgers — une observation et bruit fort,burgers,m5,m7,m7_minus_m5,controller_weight_tv_per_update,10,0.002305830207905618,0.0004891257668883237,0.004727846218631423,0.2,0.109375,"{""11"": 0.0010375271550179532, ""111"": 0.004887182817291946, ""22"": 0.004727846218631423, ""33"": 0.0016678304009564437, ""44"": -0.0006895788671797964, ""55"": 0.003811739180839477, ""66"": 0.001557548360257295, ""77"": 0.0029438300148547925, ""88"": 0.005883219832307614, ""99"": -0.000740699784186942}"
extreme_noise,Burgers — une observation et bruit fort,burgers,m5,m7,m7_minus_m5,temporal_mean_gradient_distribution_tv,10,-0.03015763776039286,-0.042777102082311114,-0.01209939726062239,0.9,0.021484375,"{""11"": -0.03709613600947351, ""111"": -0.032786657680480426, ""22"": -0.0385291597613142, ""33"": -0.027528617840305292, ""44"": -0.019874713918977896, ""55"": -0.009162200501133588, ""66"": 0.02868652516632611, ""77"": -0.01209939726062239, ""88"": -0.04845806815514871, ""99"": -0.07819808197458673}"
extreme_noise,Burgers — une observation et bruit fort,burgers,m5,m7,m7_minus_m5,temporal_mean_physics_gradient_log_gap,10,-0.291935521119163,-0.35262216194297424,-0.20437044117462777,1.0,0.001953125,"{""11"": -0.41458840797196206, ""111"": -0.31478600348731606, ""22"": -0.3080525543064283, ""33"": -0.2845661032203666, ""44"": -0.2347467638359637, ""55"": -0.0745675610168322, ""66"": -0.1249515493384252, ""77"": -0.29930493901795946, ""88"": -0.3971917695795201, ""99"": -0.28378933301083037}"
extreme_noise,Burgers — une observation et bruit fort,burgers,m5,m7,m7_minus_m5,elapsed_seconds,10,-0.5977545940000368,-0.8224872399994183,0.4244627635005145,0.6,0.75390625,"{""11"": -0.8624116209999784, ""111"": 0.8367824570003677, ""22"": -0.7758291499994812, ""33"": 0.2429500930006725, ""44"": -0.8917258080007286, ""55"": 0.24455283500026326, ""66"": -0.8224872399994183, ""77"": -0.7238723350002374, ""88"": 0.6059754340003565, ""99"": -0.47163685299983626}"
extreme_noise,Burgers — une observation et bruit fort,burgers,m5,m7,m7_minus_m5,residual_evaluations,10,0.0,0.0,0.0,0.0,,"{""11"": 0.0, ""111"": 0.0, ""22"": 0.0, ""33"": 0.0, ""44"": 0.0, ""55"": 0.0, ""66"": 0.0, ""77"": 0.0, ""88"": 0.0, ""99"": 0.0}"
extreme_noise,Burgers — une observation et bruit fort,burgers,m5,m7,m7_minus_m5,importance_effective_sample_fraction,0,,,,,,{}
extreme_noise,Burgers — une observation et bruit fort,burgers,m5,m7,m7_minus_m5,importance_weight_mean,0,,,,,,{}
extreme_noise,Burgers — une observation et bruit fort,burgers,m5,m7,m7_minus_m5,importance_weight_max,0,,,,,,{}
extreme_noise,Burgers — une observation et bruit fort,burgers,m7u,m7,m7_minus_m7u,relative_l2,10,-0.022852570479677647,-0.03383043964023702,-0.007271593879181637,0.9,0.021484375,"{""11"": -0.023988645939582387, ""111"": -0.02578847430723863, ""22"": -0.028308356725696426, ""33"": -0.0803260162929853, ""44"": -0.013691351208122926, ""55"": -0.0008378518458895812, ""66"": -0.04187240497323541, ""77"": 0.00828584902621865, ""88"": -0.013705335912473693, ""99"": -0.021716495019772908}"
extreme_noise,Burgers — une observation et bruit fort,burgers,m7u,m7,m7_minus_m7u,max_abs_error,10,0.007339313489602761,-0.013565935154483788,0.07717599809898656,0.2,0.109375,"{""11"": 0.003995290702071719, ""111"": 0.0013620781859086106, ""22"": -0.031127161011039295, ""33"": 0.009478670036347836, ""44"": 0.005199956942857686, ""55"": 0.07717599809898656, ""66"": -0.07874775457076266, ""77"": 0.1256598519818637, ""88"": 0.04386112972736189, ""99"": 0.07902986726168004}"
extreme_noise,Burgers — une observation et bruit fort,burgers,m7u,m7,m7_minus_m7u,controller_weight_tv_per_update,10,0.0031389052998542916,0.0022918285650795067,0.004830156458977771,0.0,0.001953125,"{""11"": 0.0028629259798781045, ""111"": 0.009258622931681754, ""22"": 0.003573450223954347, ""33"": 0.0028677794653122757, ""44"": 0.0024858839787020165, ""55"": 0.0037799218165765897, ""66"": 0.001720731150280909, ""77"": 0.0034100311343963075, ""88"": 0.006086862694001195, ""99"": 0.0005151772955400147}"
extreme_noise,Burgers — une observation et bruit fort,burgers,m7u,m7,m7_minus_m7u,temporal_mean_gradient_distribution_tv,10,-0.028843945650964237,-0.046038564878967805,-0.013536442648933937,0.9,0.021484375,"{""11"": -0.03910280930610273, ""111"": -0.029866960791322818, ""22"": -0.043822321738613876, ""33"": -0.02782093051060566, ""44"": -0.02624308631149394, ""55"": -0.009194499549535114, ""66"": 0.029106566114073154, ""77"": -0.013536442648933937, ""88"": -0.052974320451832875, ""99"": -0.07919345030033392}"
extreme_noise,Burgers — une observation et bruit fort,burgers,m7u,m7,m7_minus_m7u,temporal_mean_physics_gradient_log_gap,10,-0.3042364350575897,-0.40073995462328305,-0.21353102345514302,1.0,0.001953125,"{""11"": -0.4483608387688095, ""111"": -0.30558799590730473, ""22"": -0.36652021317429956, ""33"": -0.3028848742078747, ""44"": -0.29108738343640483, ""55"": -0.07831949656278758, ""66"": -0.1310595572832812, ""77"": -0.38930497390002866, ""88"": -0.4349596960722665, ""99"": -0.2960024896270048}"
extreme_noise,Burgers — une observation et bruit fort,burgers,m7u,m7,m7_minus_m7u,elapsed_seconds,10,0.03172012150002956,-0.5365789865000465,0.5931231700000126,0.4,0.75390625,"{""11"": -1.052149919000044, ""111"": 1.2096671750000496, ""22"": 0.058780780000006416, ""33"": 0.06256259899998895, ""44"": -0.021008054000049015, ""55"": 1.1274655600000187, ""66"": -1.1036861559999807, ""77"": -0.02706433800005925, ""88"": 0.04350568999996085, ""99"": 0.019934553000098276}"
extreme_noise,Burgers — une observation et bruit fort,burgers,m7u,m7,m7_minus_m7u,residual_evaluations,10,0.0,0.0,0.0,0.0,,"{""11"": 0.0, ""111"": 0.0, ""22"": 0.0, ""33"": 0.0, ""44"": 0.0, ""55"": 0.0, ""66"": 0.0, ""77"": 0.0, ""88"": 0.0, ""99"": 0.0}"
extreme_noise,Burgers — une observation et bruit fort,burgers,m7u,m7,m7_minus_m7u,importance_effective_sample_fraction,10,-0.06180684629784672,-0.09019079125373569,-0.04036993857576604,0.9,0.021484375,"{""11"": -0.10931150975118842, ""111"": -0.07107007275628296, ""22"": -0.12125949892668886, ""33"": 0.013043268483284631, ""44"": -0.05006549953490591, ""55"": -0.03067437761662617, ""66"": -0.05296055448371084, ""77"": -0.08506819416842393, ""88"": -0.0706531381119826, ""99"": -0.04800536833898217}"
extreme_noise,Burgers — une observation et bruit fort,burgers,m7u,m7,m7_minus_m7u,importance_weight_mean,10,0.038271019847587295,-0.037687249283805735,0.0639848413951829,0.3,0.34375,"{""11"": 0.057594795547662336, ""111"": 0.038286253792001235, ""22"": 0.038255785903173356, ""33"": -0.15700603398673108, ""44"": 0.08968342899836457, ""55"": -0.005343331049421085, ""66"": 0.09393791124831619, ""77"": -0.10451353828643417, ""88"": 0.0586606698889649, ""99"": 0.0291390397188227}"
extreme_noise,Burgers — une observation et bruit fort,burgers,m7u,m7,m7_minus_m7u,importance_weight_max,10,0.1267074231187122,-0.020313490525984523,0.32540725865757203,0.2,0.109375,"{""11"": 0.4385144491013966, ""111"": 0.49120249674893657, ""22"": 0.32540725865757203, ""33"": -0.30954258299787885, ""44"": 0.16710543313922965, ""55"": -0.09233237010396245, ""66"": 0.10797976149614463, ""77"": 0.024989086927785564, ""88"": 0.14543508474127975, ""99"": 0.0517053890519934}"
extreme_noise,Burgers — une observation et bruit fort,burgers,vw,m7,m7_minus_vw,relative_l2,10,0.028422416323872435,-0.029514926105260963,0.04331960974507865,0.4,0.75390625,"{""11"": -0.01825438127332646, ""111"": 0.07386236968339466, ""22"": -0.02317745698602769, ""33"": -0.08236376039064042, ""44"": 0.02803159416433354, ""55"": 0.05516614156323363, ""66"": 0.031473077926923665, ""77"": 0.03730310839747364, ""88"": -0.04077547093719547, ""99"": 0.02881323848341133}"
extreme_noise,Burgers — une observation et bruit fort,burgers,vw,m7,m7_minus_vw,max_abs_error,10,-0.06407079112750041,-0.15866889310034743,0.03936003365142249,0.7,0.34375,"{""11"": -0.09388028138909166, ""111"": 0.04526908407119523, ""22"": -0.029352052661177908, ""33"": -0.27053165532381707, ""44"": -0.03799553962634572, ""55"": 0.03936003365142249, ""66"": -0.10806081475444129, ""77"": -0.2234575048116032, ""88"": -0.09014604262865511, ""99"": 0.03964855115769028}"
extreme_noise,Burgers — une observation et bruit fort,burgers,vw,m7,m7_minus_vw,controller_weight_tv_per_update,10,0.07208567239362276,0.057246393608885726,0.11434347206219012,0.0,0.001953125,"{""11"": 0.060334300827897244, ""111"": 0.14288081290150204, ""22"": 0.03536081303498388, ""33"": 0.09912274643638173, ""44"": 0.09986629070978986, ""55"": 0.080608650530606, ""66"": 0.05764723796106889, ""77"": 0.1295641976879985, ""88"": 0.06356269425663953, ""99"": 0.05415848638987421}"
extreme_noise,Burgers — une observation et bruit fort,burgers,vw,m7,m7_minus_vw,temporal_mean_gradient_distribution_tv,10,-0.020085246713548565,-0.029046659576728327,-0.006676031605517501,0.8,0.109375,"{""11"": -0.007100624166532503, ""111"": -0.016885195526122172, ""22"": -0.023285297900974958, ""33"": -0.016403561879450548, ""44"": -0.03129593937132788, ""55"": 0.003051498668415545, ""66"": 0.015483861793222461, ""77"": -0.025155443118027816, ""88"": -0.029046659576728327, ""99"": -0.06232539328561608}"
extreme_noise,Burgers — une observation et bruit fort,burgers,vw,m7,m7_minus_vw,temporal_mean_physics_gradient_log_gap,10,-0.11913818030225565,-0.18385463972189137,0.005678406561861894,0.8,0.109375,"{""11"": -0.18495088274387733, ""111"": -0.15313685444630865, ""22"": -0.152302299282429, ""33"": -0.045762606055575694, ""44"": -0.015858840382000833, ""55"": 0.05711941917929948, ""66"": 0.07923997721744767, ""77"": -0.19060846452273217, ""88"": -0.18385463972189137, ""99"": -0.0859740613220823}"
extreme_noise,Burgers — une observation et bruit fort,burgers,vw,m7,m7_minus_vw,elapsed_seconds,10,-0.1419968680000352,-0.18601854100006676,0.9928338090003308,0.6,0.75390625,"{""11"": -0.1090080350001017, ""111"": 1.0687371079997092, ""22"": -0.17498570099996869, ""33"": 0.871573294999962, ""44"": -0.17803211699970234, ""55"": 1.0029567210002597, ""66"": -0.20914410699992914, ""77"": -0.19389665600022, ""88"": 0.9928338090003308, ""99"": -0.18601854100006676}"
extreme_noise,Burgers — une observation et bruit fort,burgers,vw,m7,m7_minus_vw,residual_evaluations,10,6400.0,6400.0,6400.0,0.0,0.001953125,"{""11"": 6400.0, ""111"": 6400.0, ""22"": 6400.0, ""33"": 6400.0, ""44"": 6400.0, ""55"": 6400.0, ""66"": 6400.0, ""77"": 6400.0, ""88"": 6400.0, ""99"": 6400.0}"
extreme_noise,Burgers — une observation et bruit fort,burgers,vw,m7,m7_minus_vw,importance_effective_sample_fraction,10,-0.16449124218492767,-0.22329255264576608,-0.13336771849114282,1.0,0.001953125,"{""11"": -0.18310355272802492, ""111"": -0.11404247469073225, ""22"": -0.2833303722787266, ""33"": -0.07336368427027395, ""44"": -0.13976162697165484, ""55"": -0.16429279917788142, ""66"": -0.15269296229155338, ""77"": -0.2242543708316468, ""88"": -0.1646896851919739, ""99"": -0.22329255264576608}"
extreme_noise,Burgers — une observation et bruit fort,burgers,vw,m7,m7_minus_vw,importance_weight_mean,10,0.022471693160198813,-0.034672151270435214,0.05241148504563764,0.3,0.34375,"{""11"": 0.04121591521144685, ""111"": -0.005721691257781991, ""22"": 0.09624987144977881, ""33"": -0.10210357151891059, ""44"": 0.011477839885996932, ""55"": 0.013562675484958486, ""66"": 0.06360705487982843, ""77"": -0.08082214242686736, ""88"": 0.04859448898669738, ""99"": 0.03138071083543914}"
extreme_noise,Burgers — une observation et bruit fort,burgers,vw,m7,m7_minus_vw,importance_weight_max,10,0.6587884378897138,-0.279624009254139,1.4139711951389762,0.3,0.34375,"{""11"": 1.6217537890071325, ""111"": 0.050559035873821045, ""22"": 1.6616093462748802, ""33"": -2.2893933619870532, ""44"": 0.962204271230966, ""55"": 0.5165325499494964, ""66"": 1.4139711951389762, ""77"": -0.27565606015108646, ""88"": -0.9193070844230098, ""99"": 0.8010443258299311}"
extreme_noise,Burgers — une observation et bruit fort,burgers,vwca,m7,m7_minus_vwca,relative_l2,10,-0.03161624430798876,-0.0480915955743485,-0.018216263032593605,0.9,0.021484375,"{""11"": -0.043521977464753614, ""111"": -0.0333508784247345, ""22"": -0.029881610191243024, ""33"": -0.06679753083425966, ""44"": -0.03933255270821934, ""55"": -0.02354973817859418, ""66"": -0.014925067840705242, ""77"": 0.06352864543604975, ""88"": -0.05685063844047766, ""99"": -0.018216263032593605}"
extreme_noise,Burgers — une observation et bruit fort,burgers,vwca,m7,m7_minus_vwca,max_abs_error,10,-0.02221140372571012,-0.057423515745710196,0.054834482147301244,0.6,0.75390625,"{""11"": -0.08902139109645557, ""111"": 0.010446867224179535, ""22"": 0.0015092800855124322, ""33"": -0.004942212865252316, ""44"": -0.03948059458616793, ""55"": -0.04332060650045244, ""66"": -0.07536643690525247, ""77"": 0.13783443445293275, ""88"": -0.03961469063132039, ""99"": 0.1146111771598548}"
extreme_noise,Burgers — une observation et bruit fort,burgers,vwca,m7,m7_minus_vwca,controller_weight_tv_per_update,10,0.0010453728092077383,-0.001068856774499578,0.002229623232023841,0.3,0.34375,"{""11"": 0.001141908057501348, ""111"": -0.008972264700934346, ""22"": 0.0021585827667816235, ""33"": 0.0009488375609141286, ""44"": -0.003067708097132485, ""55"": 0.0015711935979247638, ""66"": -0.0005415871325623531, ""77"": 0.005425187431240042, ""88"": 0.0028880528661229185, ""99"": 0.00019511704967545979}"
extreme_noise,Burgers — une observation et bruit fort,burgers,vwca,m7,m7_minus_vwca,temporal_mean_gradient_distribution_tv,10,-0.006601191150719426,-0.01740334254669805,0.00020557456167641375,0.7,0.34375,"{""11"": -0.00983808499213594, ""111"": -0.007603954646482003, ""22"": -0.01740334254669805, ""33"": -0.0015448200004716493, ""44"": 0.00020557456167641375, ""55"": 0.0016182032645823893, ""66"": 0.014876515498912599, ""77"": -0.005598427654956849, ""88"": -0.02054624874072257, ""99"": -0.041380586895134006}"
extreme_noise,Burgers — une observation et bruit fort,burgers,vwca,m7,m7_minus_vwca,temporal_mean_physics_gradient_log_gap,10,-0.08791750088800349,-0.1469754729420674,0.01889213787692723,0.8,0.109375,"{""11"": -0.19839526571547245, ""111"": -0.13576095113706055, ""22"": -0.1372479328649455, ""33"": -0.019898022903551554, ""44"": -0.02573080058231475, ""55"": 0.06606943589254244, ""66"": 0.06351507633616921, ""77"": -0.1223481237941104, ""88"": -0.15818999474707424, ""99"": -0.05348687798189658}"
extreme_noise,Burgers — une observation et bruit fort,burgers,vwca,m7,m7_minus_vwca,elapsed_seconds,10,-0.22054873999985602,-0.2420591299999728,0.8959255500002428,0.6,0.75390625,"{""11"": -0.23113553399991815, ""111"": 0.9708332359999758, ""22"": -0.26035898199961593, ""33"": 0.8541454380001596, ""44"": -0.21789586099998814, ""55"": 0.8959255500002428, ""66"": -0.23364005999997062, ""77"": -0.2232016189997239, ""88"": 0.8990239730001122, ""99"": -0.25298272600002747}"
extreme_noise,Burgers — une observation et bruit fort,burgers,vwca,m7,m7_minus_vwca,residual_evaluations,10,0.0,0.0,0.0,0.0,,"{""11"": 0.0, ""111"": 0.0, ""22"": 0.0, ""33"": 0.0, ""44"": 0.0, ""55"": 0.0, ""66"": 0.0, ""77"": 0.0, ""88"": 0.0, ""99"": 0.0}"
extreme_noise,Burgers — une observation et bruit fort,burgers,vwca,m7,m7_minus_vwca,importance_effective_sample_fraction,10,-0.18127731409940323,-0.21569707290816986,-0.16618649063578195,1.0,0.001953125,"{""11"": -0.1840097301017063, ""111"": -0.16618649063578195, ""22"": -0.23929847150371453, ""33"": -0.18810444361473122, ""44"": -0.1728500268217279, ""55"": -0.16119049637006844, ""66"": -0.17854489809710017, ""77"": -0.21569707290816986, ""88"": -0.16276969471387537, ""99"": -0.2611681869223288}"
extreme_noise,Burgers — une observation et bruit fort,burgers,vwca,m7,m7_minus_vwca,importance_weight_mean,10,0.022471693160199036,-0.0346721512704351,0.05241148504563775,0.3,0.34375,"{""11"": 0.04121591521144685, ""111"": -0.005721691257781991, ""22"": 0.09624987144977859, ""33"": -0.10210357151891059, ""44"": 0.011477839885996932, ""55"": 0.013562675484958708, ""66"": 0.06360705487982865, ""77"": -0.08082214242686714, ""88"": 0.04859448898669738, ""99"": 0.03138071083543936}"
extreme_noise,Burgers — une observation et bruit fort,burgers,vwca,m7,m7_minus_vwca,importance_weight_max,10,0.9096431453889555,0.339396379186117,1.873785146819245,0.2,0.109375,"{""11"": 1.6618012335068766, ""111"": 0.8634363050921454, ""22"": 0.5148987787557244, ""33"": -0.18464354671991146, ""44"": 1.873785146819245, ""55"": 0.8649609504579621, ""66"": 2.0960661490195105, ""77"": 0.954325340319949, ""88"": -0.31135317600085344, ""99"": 1.9613107643135552}"
extreme_noise,Burgers — une observation et bruit fort,burgers,vw,vwca,vwca_minus_vw,relative_l2,10,0.03583287097952803,0.0002544689734507166,0.06736414687255288,0.2,0.109375,"{""11"": 0.025267596191427155, ""111"": 0.10721324810812916, ""22"": 0.006704153205215335, ""33"": -0.015566229556380762, ""44"": 0.06736414687255288, ""55"": 0.07871587974182781, ""66"": 0.04639814576762891, ""77"": -0.026225537038576108, ""88"": 0.016075167503282195, ""99"": 0.047029501516004935}"
extreme_noise,Burgers — une observation et bruit fort,burgers,vw,vwca,vwca_minus_vw,max_abs_error,10,-0.03177785529793958,-0.15806039722794973,0.014981663277189805,0.7,0.34375,"{""11"": -0.004858890292636087, ""111"": 0.0348222168470157, ""22"": -0.03086133274669034, ""33"": -0.26558944245856475, ""44"": 0.0014850549598222074, ""55"": 0.08268064015187493, ""66"": -0.03269437784918883, ""77"": -0.36129193926453596, ""88"": -0.05053135199733472, ""99"": -0.07496262600216452}"
extreme_noise,Burgers — une observation et bruit fort,burgers,vw,vwca,vwca_minus_vw,controller_weight_tv_per_update,10,0.06985604916159892,0.05657788105529732,0.11115645956611303,0.0,0.001953125,"{""11"": 0.059192392770395896, ""111"": 0.15185307760243638, ""22"": 0.03320223026820226, ""33"": 0.0981739088754676, ""44"": 0.10293399880692235, ""55"": 0.07903745693268123, ""66"": 0.05818882509363124, ""77"": 0.12413901025675847, ""88"": 0.060674641390516613, ""99"": 0.05396336934019875}"
extreme_noise,Burgers — une observation et bruit fort,burgers,vw,vwca,vwca_minus_vw,temporal_mean_gradient_distribution_tv,10,-0.008890825857822963,-0.019557015463070967,0.0006073462943098629,0.7,0.34375,"{""11"": 0.002737460825603437, ""111"": -0.00928124087964017, ""22"": -0.005881955354276908, ""33"": -0.014858741878978898, ""44"": -0.031501513933004294, ""55"": 0.0014332954038331555, ""66"": 0.0006073462943098629, ""77"": -0.019557015463070967, ""88"": -0.008500410836005758, ""99"": -0.020944806390482074}"
extreme_noise,Burgers — une observation et bruit fort,burgers,vw,vwca,vwca_minus_vw,temporal_mean_physics_gradient_log_gap,10,-0.0162151348633658,-0.029075914157501423,0.009871960200313917,0.7,0.34375,"{""11"": 0.013444382971595115, ""111"": -0.017375903309248097, ""22"": -0.015054366417483506, ""33"": -0.02586458315202414, ""44"": 0.009871960200313917, ""55"": -0.008950016713242956, ""66"": 0.015724900881278467, ""77"": -0.06826034072862178, ""88"": -0.02566464497481713, ""99"": -0.032487183340185716}"
extreme_noise,Burgers — une observation et bruit fort,burgers,vw,vwca,vwca_minus_vw,elapsed_seconds,10,0.07616873299980398,0.029304962999503914,0.10042050350011777,0.0,0.001953125,"{""11"": 0.12212749899981645, ""111"": 0.09790387199973338, ""22"": 0.08537328099964725, ""33"": 0.017427856999802316, ""44"": 0.039863744000285806, ""55"": 0.10703117100001691, ""66"": 0.02449595300004148, ""77"": 0.029304962999503914, ""88"": 0.09380983600021864, ""99"": 0.06696418499996071}"
extreme_noise,Burgers — une observation et bruit fort,burgers,vw,vwca,vwca_minus_vw,residual_evaluations,10,6400.0,6400.0,6400.0,0.0,0.001953125,"{""11"": 6400.0, ""111"": 6400.0, ""22"": 6400.0, ""33"": 6400.0, ""44"": 6400.0, ""55"": 6400.0, ""66"": 6400.0, ""77"": 6400.0, ""88"": 6400.0, ""99"": 6400.0}"
extreme_noise,Burgers — une observation et bruit fort,burgers,vw,vwca,vwca_minus_vw,importance_effective_sample_fraction,10,0.01337905658961408,-0.005238644200787734,0.03899797587529824,0.4,0.75390625,"{""11"": 0.0009061773736813716, ""111"": 0.05214401594504969, ""22"": -0.04403190077501207, ""33"": 0.11474075934445727, ""44"": 0.03308839985007306, ""55"": -0.0031023028078129844, ""66"": 0.02585193580554679, ""77"": -0.008557297923476925, ""88"": -0.0019199904780985433, ""99"": 0.03787563427656271}"
extreme_noise,Burgers — une observation et bruit fort,burgers,vw,vwca,vwca_minus_vw,importance_weight_mean,10,0.0,-2.220446049250313e-16,0.0,0.4,0.375,"{""11"": 0.0, ""111"": 0.0, ""22"": 2.220446049250313e-16, ""33"": 0.0, ""44"": 0.0, ""55"": -2.220446049250313e-16, ""66"": -2.220446049250313e-16, ""77"": -2.220446049250313e-16, ""88"": 0.0, ""99"": -2.220446049250313e-16}"
extreme_noise,Burgers — une observation et bruit fort,burgers,vw,vwca,vwca_minus_vw,importance_weight_max,10,-0.7474861115494293,-1.160266438483624,-0.3240006764609502,0.9,0.021484375,"{""11"": -0.04004744449974407, ""111"": -0.8128772692183244, ""22"": 1.1467105675191558, ""33"": -2.1047498152671418, ""44"": -0.911580875588279, ""55"": -0.3484284005084657, ""66"": -0.6820949538805343, ""77"": -1.2299814004710354, ""88"": -0.6079539084221564, ""99"": -1.160266438483624}"
block_missing,Burgers — bloc de capteurs manquant,burgers,m5,m7,m7_minus_m5,relative_l2,10,-0.030982995129307606,-0.047748200453772704,-0.018359649270974665,1.0,0.001953125,"{""11"": -0.03769602304722397, ""111"": -0.018359649270974665, ""22"": -0.047748200453772704, ""33"": -0.012846099964356261, ""44"": -0.020487178658269434, ""55"": -0.0517404993231273, ""66"": -0.01803860723297701, ""77"": -0.030473681514637918, ""88"": -0.03149230874397729, ""99"": -0.05264022452132544}"
block_missing,Burgers — bloc de capteurs manquant,burgers,m5,m7,m7_minus_m5,max_abs_error,10,-0.004303394605371269,-0.04710564823152419,0.030363698539442985,0.5,1.0,"{""11"": 0.03175239828071552, ""111"": -0.048276795120803184, ""22"": -0.0217656088033491, ""33"": 0.030363698539442985, ""44"": 0.02589691509096126, ""55"": -0.028216297677610802, ""66"": 0.013158819592606563, ""77"": 0.06588720429795081, ""88"": -0.10264122319426883, ""99"": -0.04710564823152419}"
block_missing,Burgers — bloc de capteurs manquant,burgers,m5,m7,m7_minus_m5,controller_weight_tv_per_update,10,0.003968686180637358,0.000895750675710863,0.005034013184871358,0.0,0.001953125,"{""11"": 0.0016763552036926505, ""111"": 0.0047799724110724195, ""22"": 0.0008938340885382423, ""33"": 0.005435418915593682, ""44"": 0.004632607454149035, ""55"": 0.0041018220120081356, ""66"": 0.000895750675710863, ""77"": 0.006013053465621129, ""88"": 0.00037312462163061055, ""99"": 0.003835550349266581}"
block_missing,Burgers — bloc de capteurs manquant,burgers,m5,m7,m7_minus_m5,temporal_mean_gradient_distribution_tv,10,-0.03800453500358229,-0.07054888200149984,-0.008167946515947183,0.9,0.021484375,"{""11"": -0.046285953624432885, ""111"": -0.008167946515947183, ""22"": -0.09806744558306399, ""33"": -0.04526039793341717, ""44"": -0.02979888694239534, ""55"": -0.003947238533980615, ""66"": 0.027884371533956648, ""77"": -0.030748672073747423, ""88"": -0.07054888200149984, ""99"": -0.0784866514507129}"
block_missing,Burgers — bloc de capteurs manquant,burgers,m5,m7,m7_minus_m5,temporal_mean_physics_gradient_log_gap,10,-0.3318193900046941,-0.4526273084752289,-0.20556557756118976,1.0,0.001953125,"{""11"": -0.4458376351837663, ""111"": -0.20556557756118976, ""22"": -0.5249830973856018, ""33"": -0.4477087478988671, ""44"": -0.32595831292387056, ""55"": -0.16881980608630498, ""66"": -0.16058096567428154, ""77"": -0.3272345932370189, ""88"": -0.45941698176669155, ""99"": -0.33640418677236933}"
block_missing,Burgers — bloc de capteurs manquant,burgers,m5,m7,m7_minus_m5,elapsed_seconds,10,0.2555639514999939,-0.25104794600002833,0.9146996105000369,0.5,1.0,"{""11"": 0.8424467340000774, ""111"": -0.3280030729999339, ""22"": -0.19099869300004002, ""33"": 0.8966995690000203, ""44"": -0.20289685299991334, ""55"": -0.29919903900014333, ""66"": 0.9978435760000366, ""77"": -0.2146744719998992, ""88"": 0.9869524869999964, ""99"": 0.7021265960000278}"
block_missing,Burgers — bloc de capteurs manquant,burgers,m5,m7,m7_minus_m5,residual_evaluations,10,0.0,0.0,0.0,0.0,,"{""11"": 0.0, ""111"": 0.0, ""22"": 0.0, ""33"": 0.0, ""44"": 0.0, ""55"": 0.0, ""66"": 0.0, ""77"": 0.0, ""88"": 0.0, ""99"": 0.0}"
block_missing,Burgers — bloc de capteurs manquant,burgers,m5,m7,m7_minus_m5,importance_effective_sample_fraction,0,,,,,,{}
block_missing,Burgers — bloc de capteurs manquant,burgers,m5,m7,m7_minus_m5,importance_weight_mean,0,,,,,,{}
block_missing,Burgers — bloc de capteurs manquant,burgers,m5,m7,m7_minus_m5,importance_weight_max,0,,,,,,{}
block_missing,Burgers — bloc de capteurs manquant,burgers,m7u,m7,m7_minus_m7u,relative_l2,10,-0.0359598081974295,-0.050296512670738536,-0.02682621394387341,1.0,0.001953125,"{""11"": -0.03715687483625463, ""111"": -0.02682621394387341, ""22"": -0.054010073538224845, ""33"": -0.03476274155860437, ""44"": -0.02809674036010601, ""55"": -0.039617514620218675, ""66"": -0.02368012342218917, ""77"": -0.02293303948199621, ""88"": -0.06136859664810873, ""99"": -0.050296512670738536}"
block_missing,Burgers — bloc de capteurs manquant,burgers,m7u,m7,m7_minus_m7u,max_abs_error,10,-0.01133449454959895,-0.03183089746425655,0.04079359767992713,0.5,1.0,"{""11"": -0.0346349571570399, ""111"": -0.031220581359741595, ""22"": -0.02560434607589579, ""33"": 0.02126106095711111, ""44"": 0.06032613440274315, ""55"": 0.09204771134466883, ""66"": 0.0029353569766978893, ""77"": 0.03297651614612718, ""88"": -0.14659782979664093, ""99"": -0.02902683777147319}"
block_missing,Burgers — bloc de capteurs manquant,burgers,m7u,m7,m7_minus_m7u,controller_weight_tv_per_update,10,0.003950094678319253,0.001604082371162597,0.00544983778189502,0.0,0.001953125,"{""11"": 0.0020834095221648127, ""111"": 0.00507597036210608, ""22"": 0.001124755220160381, ""33"": 0.00544983778189502, ""44"": 0.006108687908121246, ""55"": 0.004175904676472379, ""66"": 0.0017592584707680492, ""77"": 0.005506012011724348, ""88"": 0.0004412933285316764, ""99"": 0.003724284680166126}"
block_missing,Burgers — bloc de capteurs manquant,burgers,m7u,m7,m7_minus_m7u,temporal_mean_gradient_distribution_tv,10,-0.03969861740556792,-0.07968088157902808,-0.009849890432266924,0.9,0.021484375,"{""11"": -0.049302066723316273, ""111"": -0.006584296081436021, ""22"": -0.09896192707720669, ""33"": -0.0447927680613502, ""44"": -0.03460446674978564, ""55"": -0.009849890432266924, ""66"": 0.027948283034272853, ""77"": -0.030616870404508813, ""88"": -0.07968088157902808, ""99"": -0.086604590855202}"
block_missing,Burgers — bloc de capteurs manquant,burgers,m7u,m7,m7_minus_m7u,temporal_mean_physics_gradient_log_gap,10,-0.3887925101942059,-0.47006230866362264,-0.20300675266638524,1.0,0.001953125,"{""11"": -0.457913150468076, ""111"": -0.13164078056204898, ""22"": -0.5457117821694788, ""33"": -0.41995659668175983, ""44"": -0.3881820796627799, ""55"": -0.20300675266638524, ""66"": -0.18139557327351902, ""77"": -0.35328091979058146, ""88"": -0.5201680206454855, ""99"": -0.389402940725632}"
block_missing,Burgers — bloc de capteurs manquant,burgers,m7u,m7,m7_minus_m7u,elapsed_seconds,10,0.0530827355000838,0.0003742740000234335,1.2052909420000333,0.2,0.109375,"{""11"": 1.2313235660001283, ""111"": -0.012306626999929904, ""22"": 0.0003742740000234335, ""33"": 1.2052909420000333, ""44"": -1.1231537089998938, ""55"": 0.03212493999990329, ""66"": 0.03596811400007027, ""77"": 0.07019735700009733, ""88"": 1.2129326219999257, ""99"": 1.1274703190000537}"
block_missing,Burgers — bloc de capteurs manquant,burgers,m7u,m7,m7_minus_m7u,residual_evaluations,10,0.0,0.0,0.0,0.0,,"{""11"": 0.0, ""111"": 0.0, ""22"": 0.0, ""33"": 0.0, ""44"": 0.0, ""55"": 0.0, ""66"": 0.0, ""77"": 0.0, ""88"": 0.0, ""99"": 0.0}"
block_missing,Burgers — bloc de capteurs manquant,burgers,m7u,m7,m7_minus_m7u,importance_effective_sample_fraction,10,-0.05738441253490384,-0.10269283710121146,-0.03269020460747607,1.0,0.001953125,"{""11"": -0.028237797601935677, ""111"": -0.04360017979340336, ""22"": -0.04971424071278252, ""33"": -0.03269020460747607, ""44"": -0.12233995823901844, ""55"": -0.07101768670927866, ""66"": -0.06505458435702516, ""77"": -0.10269283710121146, ""88"": -0.009423162421151043, ""99"": -0.11192320532424871}"
block_missing,Burgers — bloc de capteurs manquant,burgers,m7u,m7,m7_minus_m7u,importance_weight_mean,10,-0.038596146342720516,-0.06441829315258563,0.04985930145195561,0.7,0.34375,"{""11"": 0.04776131913073556, ""111"": -0.02857431822982459, ""22"": 0.10669203940420369, ""33"": 0.10726801034441946, ""44"": -0.06441829315258563, ""55"": -0.04861797445561644, ""66"": -0.06574720031563674, ""77"": -0.10639000326537507, ""88"": -0.006973436500292474, ""99"": -0.049873021140674045}"
block_missing,Burgers — bloc de capteurs manquant,burgers,m7u,m7,m7_minus_m7u,importance_weight_max,10,-0.006308120968020248,-0.3337676857226928,0.4210648329147333,0.5,1.0,"{""11"": 0.8744670415972418, ""111"": -0.6679621523968002, ""22"": 0.07613895985674102, ""33"": 0.8210440681142237, ""44"": 0.021085597715242876, ""55"": -0.18381285033923778, ""66"": 0.33467360063853135, ""77"": -0.1830373393739002, ""88"": -0.48449803207148534, ""99"": -0.03370183965128337}"
block_missing,Burgers — bloc de capteurs manquant,burgers,vw,m7,m7_minus_vw,relative_l2,10,0.03627777664753326,-0.0030546609413709402,0.09025523153650084,0.3,0.34375,"{""11"": -0.027916674510270356, ""111"": 0.09714243628405694, ""22"": -0.05784997872264663, ""33"": 0.09025523153650084, ""44"": 0.05299231378999447, ""55"": 0.04052082675418345, ""66"": 0.032034726540883074, ""77"": 0.09182074899663484, ""88"": -0.0017131698073754031, ""99"": 0.021807352627528476}"
block_missing,Burgers — bloc de capteurs manquant,burgers,vw,m7,m7_minus_vw,max_abs_error,10,0.06488854623051793,-0.0017316120454627382,0.09515748577637095,0.2,0.109375,"{""11"": 0.07980694972440439, ""111"": 0.07635870278581292, ""22"": 0.005014330942290313, ""33"": 0.053137658833286805, ""44"": 0.05398188448828811, ""55"": 0.14001923574653918, ""66"": -0.05744510857921359, ""77"": 0.11395626876692899, ""88"": -0.07745667902714437, ""99"": 0.07579520797274775}"
block_missing,Burgers — bloc de capteurs manquant,burgers,vw,m7,m7_minus_vw,controller_weight_tv_per_update,10,0.06413951580046214,0.058391274903771925,0.1013947082507076,0.0,0.001953125,"{""11"": 0.06053289651416902, ""111"": 0.10926958000023303, ""22"": 0.06774613508675524, ""33"": 0.09351983650118216, ""44"": 0.09510304733977884, ""55"": 0.05914158413333157, ""66"": 0.059933722607372904, ""77"": 0.1263074939706286, ""88"": 0.056848827200170954, ""99"": 0.05333895893250681}"
block_missing,Burgers — bloc de capteurs manquant,burgers,vw,m7,m7_minus_vw,temporal_mean_gradient_distribution_tv,10,-0.03053093890795502,-0.05119362507062769,-0.0019961600065776554,0.8,0.109375,"{""11"": -0.015441886950828695, ""111"": -0.019157192871560473, ""22"": -0.03603875094984598, ""33"": -0.05119362507062769, ""44"": -0.02502312686606406, ""55"": 0.015164872858405162, ""66"": 0.02820031953169204, ""77"": -0.05221486960744235, ""88"": -0.03719899325726319, ""99"": -0.06027987545068826}"
block_missing,Burgers — bloc de capteurs manquant,burgers,vw,m7,m7_minus_vw,temporal_mean_physics_gradient_log_gap,10,-0.16794836813986974,-0.2315264979571846,-0.040907008876307785,0.8,0.109375,"{""11"": -0.2423709697438856, ""111"": -0.098684724722434, ""22"": -0.19921408072270758, ""33"": -0.2315264979571846, ""44"": -0.10747664098671053, ""55"": 0.03394714177386102, ""66"": 0.02566262323409496, ""77"": -0.1910297066084447, ""88"": -0.24486220574388143, ""99"": -0.14486702967129478}"
block_missing,Burgers — bloc de capteurs manquant,burgers,vw,m7,m7_minus_vw,elapsed_seconds,10,0.46142400100006853,-0.15442094300021836,1.0327140535002854,0.5,1.0,"{""11"": 1.0191003230000888, ""111"": -0.06572725499995613, ""22"": -0.15609780500005854, ""33"": 1.0317690460000222, ""44"": -0.14659517899997354, ""55"": -0.2759642880002957, ""66"": 1.0476091959998257, ""77"": -0.15442094300021836, ""88"": 0.9885752570000932, ""99"": 1.046327784000482}"
block_missing,Burgers — bloc de capteurs manquant,burgers,vw,m7,m7_minus_vw,residual_evaluations,10,6400.0,6400.0,6400.0,0.0,0.001953125,"{""11"": 6400.0, ""111"": 6400.0, ""22"": 6400.0, ""33"": 6400.0, ""44"": 6400.0, ""55"": 6400.0, ""66"": 6400.0, ""77"": 6400.0, ""88"": 6400.0, ""99"": 6400.0}"
block_missing,Burgers — bloc de capteurs manquant,burgers,vw,m7,m7_minus_vw,importance_effective_sample_fraction,10,-0.16025651909263905,-0.28908605489377737,-0.1428040740291428,1.0,0.001953125,"{""11"": -0.08617319556637926, ""111"": -0.12832199401085043, ""22"": -0.28908605489377737, ""33"": -0.15041746513056398, ""44"": -0.30266791178224006, ""55"": -0.17920534201508975, ""66"": -0.15728615404743518, ""77"": -0.15185659422997555, ""88"": -0.16322688413784292, ""99"": -0.317335065862956}"
block_missing,Burgers — bloc de capteurs manquant,burgers,vw,m7,m7_minus_vw,importance_weight_mean,10,-0.042953686132906566,-0.05847470311749059,0.009538121389452647,0.8,0.109375,"{""11"": -0.01081693409437734, ""111"": -0.03905356684694561, ""22"": 0.14747696171072633, ""33"": 0.0581298096258509, ""44"": -0.05759612027964178, ""55"": -0.08416781688657704, ""66"": -0.04685380541886752, ""77"": -0.0667421226225473, ""88"": -0.035081422855042455, ""99"": -0.05020728361243387}"
block_missing,Burgers — bloc de capteurs manquant,burgers,vw,m7,m7_minus_vw,importance_weight_max,10,0.5734368875470801,-0.1199938566611598,1.3538742193261204,0.3,0.34375,"{""11"": 1.1697622209477, ""111"": -0.38923141449693777, ""22"": 2.357232566599317, ""33"": 0.6003345287503041, ""44"": 1.0662742836381418, ""55"": -0.1199938566611598, ""66"": 0.5465392463438561, ""77"": -0.571627181094466, ""88"": 0.3004413632890741, ""99"": 1.641474155014099}"
block_missing,Burgers — bloc de capteurs manquant,burgers,vwca,m7,m7_minus_vwca,relative_l2,10,-0.024545657667029763,-0.03671624583040478,-0.014641242037407548,1.0,0.001953125,"{""11"": -0.026124938602999803, ""111"": -0.004506508004927023, ""22"": -0.05894279322736895, ""33"": -0.016366171517141925, ""44"": -0.022966376731059723, ""55"": -0.0429167133116779, ""66"": -0.016344199367509638, ""77"": -0.031430662934335496, ""88"": -0.01291631255767317, ""99"": -0.03051577834913166}"
block_missing,Burgers — bloc de capteurs manquant,burgers,vwca,m7,m7_minus_vwca,max_abs_error,10,0.00789325327284901,-0.018579382931885158,0.027056859240570275,0.4,0.75390625,"{""11"": 0.041527690640009385, ""111"": 0.013887190717872921, ""22"": -0.03312398700239316, ""33"": 0.008268084307184176, ""44"": -0.004034778861377153, ""55"": 0.007518422238513844, ""66"": -0.01694968588320578, ""77"": 0.04022652776326763, ""88"": -0.05157919402792388, ""99"": 0.017482903395419802}"
block_missing,Burgers — bloc de capteurs manquant,burgers,vwca,m7,m7_minus_vwca,controller_weight_tv_per_update,10,0.0012512579887642324,0.0005650216125899013,0.0045317930455402375,0.1,0.021484375,"{""11"": 0.0008275679256028318, ""111"": 0.0020945212701519167, ""22"": 0.0011745753340135084, ""33"": 0.0021830842454769184, ""44"": 0.006969064820928558, ""55"": -0.00015174643639050134, ""66"": 0.00031634842146271297, ""77"": 0.007695373108500256, ""88"": 0.0005650216125899013, ""99"": 0.0013279406435149563}"
block_missing,Burgers — bloc de capteurs manquant,burgers,vwca,m7,m7_minus_vwca,temporal_mean_gradient_distribution_tv,10,-0.015047133697763462,-0.041111255393787814,0.005554705877343226,0.7,0.34375,"{""11"": -0.018290188710041858, ""111"": 0.0035297146637691956, ""22"": -0.041111255393787814, ""33"": -0.017508913101253333, ""44"": -0.010142736788104102, ""55"": 0.021252148542790554, ""66"": 0.028607267209230916, ""77"": -0.012585354294273592, ""88"": -0.043345746338146106, ""99"": -0.04997329216994713}"
block_missing,Burgers — bloc de capteurs manquant,burgers,vwca,m7,m7_minus_vwca,temporal_mean_physics_gradient_log_gap,10,-0.13726534423144646,-0.21751545839866115,-0.04336756560963728,0.8,0.109375,"{""11"": -0.26966664297630444, ""111"": -0.04947932461405141, ""22"": -0.21751545839866115, ""33"": -0.13621415521514488, ""44"": -0.13831653324774804, ""55"": 0.05635194333813902, ""66"": 0.03769748174011227, ""77"": -0.12443261295938683, ""88"": -0.28424753398281005, ""99"": -0.14804726829016618}"
block_missing,Burgers — bloc de capteurs manquant,burgers,vwca,m7,m7_minus_vwca,elapsed_seconds,10,0.3318982810000648,-0.22706555299998854,0.9541095545000644,0.5,1.0,"{""11"": 0.9290595020000865, ""111"": -0.2282614189996366, ""22"": -0.22706555299998854, ""33"": 0.9421417719998999, ""44"": -0.21384631800026455, ""55"": -0.27602976799994394, ""66"": 0.9904472419997319, ""77"": -0.19422053400001005, ""88"": 0.8580170960001396, ""99"": 0.9791596070000423}"
block_missing,Burgers — bloc de capteurs manquant,burgers,vwca,m7,m7_minus_vwca,residual_evaluations,10,0.0,0.0,0.0,0.0,,"{""11"": 0.0, ""111"": 0.0, ""22"": 0.0, ""33"": 0.0, ""44"": 0.0, ""55"": 0.0, ""66"": 0.0, ""77"": 0.0, ""88"": 0.0, ""99"": 0.0}"
block_missing,Burgers — bloc de capteurs manquant,burgers,vwca,m7,m7_minus_vwca,importance_effective_sample_fraction,10,-0.19341787319971254,-0.27082465957504365,-0.13820234859098113,1.0,0.001953125,"{""11"": -0.07275440161850999, ""111"": -0.13820234859098113, ""22"": -0.27082465957504365, ""33"": -0.13136141674267932, ""44"": -0.3010858865041598, ""55"": -0.2099521197341806, ""66"": -0.1768836266652445, ""77"": -0.22182307810466462, ""88"": -0.15463576292294667, ""99"": -0.2858556402247511}"
block_missing,Burgers — bloc de capteurs manquant,burgers,vwca,m7,m7_minus_vwca,importance_weight_mean,10,-0.04295368613290662,-0.05847470311749059,0.01152419338540428,0.8,0.109375,"{""11"": -0.01081693409437734, ""111"": -0.03905356684694561, ""22"": 0.14747696171072633, ""33"": 0.0581298096258509, ""44"": -0.05759612027964178, ""55"": -0.08416781688657682, ""66"": -0.04685380541886763, ""77"": -0.06674212262254753, ""88"": -0.035081422855042343, ""99"": -0.05020728361243365}"
block_missing,Burgers — bloc de capteurs manquant,burgers,vwca,m7,m7_minus_vwca,importance_weight_max,10,0.7076839605073779,0.07116192186433912,1.2264662746562522,0.2,0.109375,"{""11"": 1.146010008570645, ""111"": -0.9636037841097504, ""22"": 1.6277813619265924, ""33"": 1.2651792281287495, ""44"": 1.2264662746562522, ""55"": 0.47513343787285667, ""66"": 0.8641170793338153, ""77"": 0.5512508416809405, ""88"": 0.5343744414890512, ""99"": -0.392050597760373}"
block_missing,Burgers — bloc de capteurs manquant,burgers,vw,vwca,vwca_minus_vw,relative_l2,10,0.06414091074885717,0.011203142750297768,0.10164894428898397,0.1,0.021484375,"{""11"": -0.001791735907270553, ""111"": 0.10164894428898397, ""22"": 0.001092814504722317, ""33"": 0.10662140305364276, ""44"": 0.0759586905210542, ""55"": 0.08343754006586135, ""66"": 0.04837892590839271, ""77"": 0.12325141193097033, ""88"": 0.011203142750297768, ""99"": 0.05232313097666014}"
block_missing,Burgers — bloc de capteurs manquant,burgers,vw,vwca,vwca_minus_vw,max_abs_error,10,0.05144311893788395,0.006200887042587255,0.06602102279049465,0.2,0.109375,"{""11"": 0.038279259084395, ""111"": 0.062471512067939994, ""22"": 0.038138317944683475, ""33"": 0.04486957452610263, ""44"": 0.058016663349665265, ""55"": 0.13250081350802534, ""66"": -0.04049542269600781, ""77"": 0.07372974100366136, ""88"": -0.02587748499922049, ""99"": 0.058312304577327945}"
block_missing,Burgers — bloc de capteurs manquant,burgers,vw,vwca,vwca_minus_vw,controller_weight_tv_per_update,10,0.06313844417065397,0.05795058988674562,0.0976545206244657,0.0,0.001953125,"{""11"": 0.05970532858856619, ""111"": 0.10717505873008111, ""22"": 0.06657155975274173, ""33"": 0.09133675225570524, ""44"": 0.08813398251885028, ""55"": 0.05929333056972207, ""66"": 0.05961737418591019, ""77"": 0.11861212086212834, ""88"": 0.05628380558758105, ""99"": 0.05201101828899185}"
block_missing,Burgers — bloc de capteurs manquant,burgers,vw,vwca,vwca_minus_vw,temporal_mean_gradient_distribution_tv,10,-0.008196929482563262,-0.02428255102366716,0.002848301759213162,0.7,0.34375,"{""11"": 0.002848301759213162, ""111"": -0.02268690753532967, ""22"": 0.005072504443941833, ""33"": -0.033684711969374365, ""44"": -0.014880390077959958, ""55"": -0.006087275684385392, ""66"": -0.00040694767753887695, ""77"": -0.03962951531316876, ""88"": 0.006146753080882916, ""99"": -0.010306583280741133}"
block_missing,Burgers — bloc de capteurs manquant,burgers,vw,vwca,vwca_minus_vw,temporal_mean_physics_gradient_log_gap,10,-0.004427309943572953,-0.04920540010838259,0.027295673232418827,0.5,1.0,"{""11"": 0.027295673232418827, ""111"": -0.04920540010838259, ""22"": 0.01830137767595358, ""33"": -0.09531234274203973, ""44"": 0.030839892261037505, ""55"": -0.022404801564278, ""66"": -0.012034858506017307, ""77"": -0.06659709364905789, ""88"": 0.03938532823892865, ""99"": 0.0031802386188714005}"
block_missing,Burgers — bloc de capteurs manquant,burgers,vw,vwca,vwca_minus_vw,elapsed_seconds,10,0.0691094435001105,0.05348388400011572,0.1100927175000379,0.0,0.001953125,"{""11"": 0.09004082100000232, ""111"": 0.16253416399968046, ""22"": 0.07096774799993, ""33"": 0.08962727400012227, ""44"": 0.067251139000291, ""55"": 6.547999964823248e-05, ""66"": 0.05716195400009383, ""77"": 0.03979959099979169, ""88"": 0.13055816099995354, ""99"": 0.06716817700043975}"
block_missing,Burgers — bloc de capteurs manquant,burgers,vw,vwca,vwca_minus_vw,residual_evaluations,10,6400.0,6400.0,6400.0,0.0,0.001953125,"{""11"": 6400.0, ""111"": 6400.0, ""22"": 6400.0, ""33"": 6400.0, ""44"": 6400.0, ""55"": 6400.0, ""66"": 6400.0, ""77"": 6400.0, ""88"": 6400.0, ""99"": 6400.0}"
block_missing,Burgers — bloc de capteurs manquant,burgers,vw,vwca,vwca_minus_vw,importance_effective_sample_fraction,10,-0.005086573246488257,-0.01826139531873372,0.020313566149610773,0.6,0.75390625,"{""11"": -0.013418793947869267, ""111"": 0.009880354580130701, ""22"": -0.01826139531873372, ""33"": -0.01905604838788466, ""44"": -0.001582025278080268, ""55"": 0.030746777719090845, ""66"": 0.01959747261780931, ""77"": 0.06996648387468907, ""88"": -0.008591121214896247, ""99"": -0.03147942563820494}"
block_missing,Burgers — bloc de capteurs manquant,burgers,vw,vwca,vwca_minus_vw,importance_weight_mean,10,0.0,-1.1102230246251565e-16,5.551115123125783e-17,0.3,1.0,"{""11"": 0.0, ""111"": 0.0, ""22"": 0.0, ""33"": 0.0, ""44"": 0.0, ""55"": -2.220446049250313e-16, ""66"": 1.1102230246251565e-16, ""77"": 2.220446049250313e-16, ""88"": -1.1102230246251565e-16, ""99"": -2.220446049250313e-16}"
block_missing,Burgers — bloc de capteurs manquant,burgers,vw,vwca,vwca_minus_vw,importance_weight_max,10,-0.19706253460904377,-0.5951272945340165,0.5743723696128127,0.6,0.75390625,"{""11"": 0.02375221237705505, ""111"": 0.5743723696128127, ""22"": 0.7294512046727246, ""33"": -0.6648446993784454, ""44"": -0.16019199101811044, ""55"": -0.5951272945340165, ""66"": -0.31757783298995923, ""77"": -1.1228780227754065, ""88"": -0.2339330781999771, ""99"": 2.033524752774472}"
