experiment,label,problem,method,seed,status,failure_reason,relative_l2,max_abs_error,controller_weight_tv_per_update,temporal_mean_gradient_distribution_tv,temporal_mean_physics_gradient_log_gap,elapsed_seconds,residual_evaluations,importance_effective_sample_fraction,importance_weight_mean,importance_weight_max,bias_concentration_correlation,n_observations,noise_kind,noise_level,run_dir
sparse_clean,Burgers — 13 observations propres,burgers,m5,11,succeeded,,0.5372885740867476,0.9968227248686414,0.05062592382431005,0.10169877083203538,0.5169778201500594,3.365029513999616,197376,,,,0.9086766880279978,13,none,0.0,/workspace/scratch/a5f0879dfaa7/recoa-pinn/outputs/burgers_data_sparse_clean_v1/m5/seed_00011
sparse_clean,Burgers — 13 observations propres,burgers,m5,22,succeeded,,0.49856587179618367,0.8869695860172578,0.053779420062990545,0.1606785827644809,0.6764810685523446,3.5289258080001673,197376,,,,0.6499769071948045,13,none,0.0,/workspace/scratch/a5f0879dfaa7/recoa-pinn/outputs/burgers_data_sparse_clean_v1/m5/seed_00022
sparse_clean,Burgers — 13 observations propres,burgers,m5,33,succeeded,,0.6636625874133335,1.1849318663985178,0.09893780350114977,0.047247854391535525,0.4218116785484957,3.371504325999922,197376,,,,0.8392421522084839,13,none,0.0,/workspace/scratch/a5f0879dfaa7/recoa-pinn/outputs/burgers_data_sparse_clean_v1/m5/seed_00033
sparse_clean,Burgers — 13 observations propres,burgers,m5,44,succeeded,,0.5714797528587392,0.9958897560990605,0.09167311793104066,0.07897744573382051,0.40104335446174644,3.4186730689998512,197376,,,,0.6693564088540777,13,none,0.0,/workspace/scratch/a5f0879dfaa7/recoa-pinn/outputs/burgers_data_sparse_clean_v1/m5/seed_00044
sparse_clean,Burgers — 13 observations propres,burgers,m5,55,succeeded,,0.6069666292411011,1.137973467046446,0.07014795035400692,0.059150251855347745,0.39965653644695587,2.8136202169998796,197376,,,,0.6468868639517663,13,none,0.0,/workspace/scratch/a5f0879dfaa7/recoa-pinn/outputs/burgers_data_sparse_clean_v1/m5/seed_00055
sparse_clean,Burgers — 13 observations propres,burgers,m5,66,succeeded,,0.5758092465818907,1.0514506603802385,0.0669569063866279,0.08667981318184088,0.3704650078839263,2.554158586000085,197376,,,,0.7172632736475716,13,none,0.0,/workspace/scratch/a5f0879dfaa7/recoa-pinn/outputs/burgers_data_sparse_clean_v1/m5/seed_00066
sparse_clean,Burgers — 13 observations propres,burgers,m5,77,succeeded,,0.6158208864736044,1.1186613273579193,0.12929686376280577,0.06704745381579526,0.49785449625731415,2.840441232999183,197376,,,,0.5647840600524155,13,none,0.0,/workspace/scratch/a5f0879dfaa7/recoa-pinn/outputs/burgers_data_sparse_clean_v1/m5/seed_00077
sparse_clean,Burgers — 13 observations propres,burgers,m5,88,succeeded,,0.5394062542030635,1.0458641658653125,0.04814006085290842,0.12267096300859238,0.6171228113815165,2.8680764010005078,197376,,,,0.8546288098087134,13,none,0.0,/workspace/scratch/a5f0879dfaa7/recoa-pinn/outputs/burgers_data_sparse_clean_v1/m5/seed_00088
sparse_clean,Burgers — 13 observations propres,burgers,m5,99,succeeded,,0.5325694246523273,0.9038049521229459,0.055610959287859835,0.09784113018705373,0.43497932610239937,2.4161260809996747,197376,,,,0.8231379200299564,13,none,0.0,/workspace/scratch/a5f0879dfaa7/recoa-pinn/outputs/burgers_data_sparse_clean_v1/m5/seed_00099
sparse_clean,Burgers — 13 observations propres,burgers,m5,111,succeeded,,0.6163529155386946,0.9121502251671588,0.11648034995086867,0.06026873229722552,0.5083501366381461,3.058486349999839,197376,,,,0.8226879451819386,13,none,0.0,/workspace/scratch/a5f0879dfaa7/recoa-pinn/outputs/burgers_data_sparse_clean_v1/m5/seed_00111
sparse_clean,Burgers — 13 observations propres,burgers,m6,11,succeeded,,0.5312143196462796,1.003686084669365,0.04555885305839188,0.10728946121137092,0.5306940685858743,3.259699818999252,197376,,,,0.8696492047611486,13,none,0.0,/workspace/scratch/a5f0879dfaa7/recoa-pinn/outputs/burgers_data_sparse_clean_v1/m6/seed_00011
sparse_clean,Burgers — 13 observations propres,burgers,m6,22,succeeded,,0.515833607331366,0.8940705785836649,0.05191366108942702,0.16748007483385788,0.7096464522806518,2.652164530999471,197376,,,,0.6368429172847657,13,none,0.0,/workspace/scratch/a5f0879dfaa7/recoa-pinn/outputs/burgers_data_sparse_clean_v1/m6/seed_00022
sparse_clean,Burgers — 13 observations propres,burgers,m6,33,succeeded,,0.701222841943366,1.2269395639790337,0.09987611054515959,0.04771129578452291,0.42312123980628624,2.580492024000705,197376,,,,0.7839072312804596,13,none,0.0,/workspace/scratch/a5f0879dfaa7/recoa-pinn/outputs/burgers_data_sparse_clean_v1/m6/seed_00033
sparse_clean,Burgers — 13 observations propres,burgers,m6,44,succeeded,,0.5637865400156867,1.0162455783930722,0.09535129048603103,0.07779085814070773,0.38551535007593696,2.574364099000377,197376,,,,0.5000299176511901,13,none,0.0,/workspace/scratch/a5f0879dfaa7/recoa-pinn/outputs/burgers_data_sparse_clean_v1/m6/seed_00044
sparse_clean,Burgers — 13 observations propres,burgers,m6,55,succeeded,,0.6274703919055344,1.2770364408303538,0.06799437431389768,0.06068321653811899,0.3916779991334042,2.4630478380004206,197376,,,,0.6381081255743963,13,none,0.0,/workspace/scratch/a5f0879dfaa7/recoa-pinn/outputs/burgers_data_sparse_clean_v1/m6/seed_00055
sparse_clean,Burgers — 13 observations propres,burgers,m6,66,succeeded,,0.5619698529643176,1.012252126195497,0.06417342542911741,0.0836326690981743,0.3357780224488854,2.7605612709994602,197376,,,,0.7219116596147445,13,none,0.0,/workspace/scratch/a5f0879dfaa7/recoa-pinn/outputs/burgers_data_sparse_clean_v1/m6/seed_00066
sparse_clean,Burgers — 13 observations propres,burgers,m6,77,succeeded,,0.5959428574056044,1.0468268340094855,0.1326369136423757,0.06458102026458426,0.4790489576493428,2.3135769999998956,197376,,,,0.5442207824607332,13,none,0.0,/workspace/scratch/a5f0879dfaa7/recoa-pinn/outputs/burgers_data_sparse_clean_v1/m6/seed_00077
sparse_clean,Burgers — 13 observations propres,burgers,m6,88,succeeded,,0.5321311088100105,1.0205804644191565,0.05026982555689932,0.1226518441360886,0.6073597424016388,2.4174326530001053,197376,,,,0.8530287205451323,13,none,0.0,/workspace/scratch/a5f0879dfaa7/recoa-pinn/outputs/burgers_data_sparse_clean_v1/m6/seed_00088
sparse_clean,Burgers — 13 observations propres,burgers,m6,99,succeeded,,0.5453392961447366,0.9500898090597809,0.06019812125998828,0.09975467750450706,0.4531890437110947,2.407665241000359,197376,,,,0.7482895087723413,13,none,0.0,/workspace/scratch/a5f0879dfaa7/recoa-pinn/outputs/burgers_data_sparse_clean_v1/m6/seed_00099
sparse_clean,Burgers — 13 observations propres,burgers,m6,111,succeeded,,0.6115513551878968,0.92312833528034,0.1257788272575383,0.06008546458639164,0.5165117398943873,2.4290188189997934,197376,,,,0.8156702072730503,13,none,0.0,/workspace/scratch/a5f0879dfaa7/recoa-pinn/outputs/burgers_data_sparse_clean_v1/m6/seed_00111
sparse_clean,Burgers — 13 observations propres,burgers,m7,11,succeeded,,0.49458833060311325,0.9194331683575776,0.05332774102707458,0.046777115583925485,0.09946009393333466,1.9141365000000405,197376,0.6455725473768011,0.9453137013544584,3.848766890870638,0.5303151522396762,13,none,0.0,/workspace/scratch/a5f0879dfaa7/recoa-pinn/outputs/burgers_data_sparse_clean_v1/m7/seed_00011
sparse_clean,Burgers — 13 observations propres,burgers,m7,22,succeeded,,0.41863801649890936,0.7959149826849864,0.05674875927328606,0.06313098508244357,0.1490103244830372,3.09218018699994,197376,0.5458087866150644,0.888888169310499,4.535286481322178,0.5411048049463034,13,none,0.0,/workspace/scratch/a5f0879dfaa7/recoa-pinn/outputs/burgers_data_sparse_clean_v1/m7/seed_00022
sparse_clean,Burgers — 13 observations propres,burgers,m7,33,succeeded,,0.6898063271794144,1.3193471353077268,0.10401201382731809,0.015480077183464842,0.07458252329006805,1.972513039999967,197376,0.6195537942716903,1.0354967101259318,3.949848043633741,0.17777775903502058,13,none,0.0,/workspace/scratch/a5f0879dfaa7/recoa-pinn/outputs/burgers_data_sparse_clean_v1/m7/seed_00033
sparse_clean,Burgers — 13 observations propres,burgers,m7,44,succeeded,,0.5247249195219335,1.148798672494837,0.09843286666574329,0.05489218278555919,0.24742217370598113,3.13766909200001,197376,0.5893590090831239,1.0173310490932614,4.8503320557135625,0.6221216218986645,13,none,0.0,/workspace/scratch/a5f0879dfaa7/recoa-pinn/outputs/burgers_data_sparse_clean_v1/m7/seed_00044
sparse_clean,Burgers — 13 observations propres,burgers,m7,55,succeeded,,0.5361244824825482,1.0401144708413612,0.07468449494853653,0.03641230763491456,0.09272071662016003,1.9798717590000479,197376,0.5921544247232995,0.9887751830185254,4.682809386312895,0.4573868167387529,13,none,0.0,/workspace/scratch/a5f0879dfaa7/recoa-pinn/outputs/burgers_data_sparse_clean_v1/m7/seed_00055
sparse_clean,Burgers — 13 observations propres,burgers,m7,66,succeeded,,0.53148466350464,1.0239482142538865,0.0708904049334707,0.10287672250746521,0.20423431669818343,1.9360256850000042,197376,0.570932802083149,1.078851945975044,4.494824946912387,0.4580496429219311,13,none,0.0,/workspace/scratch/a5f0879dfaa7/recoa-pinn/outputs/burgers_data_sparse_clean_v1/m7/seed_00066
sparse_clean,Burgers — 13 observations propres,burgers,m7,77,succeeded,,0.5852450013613424,1.0714796316650557,0.13265624203150644,0.042574368110250164,0.11015244873693314,3.109242591000111,197376,0.595844090864278,0.9940822182304929,4.799961938276682,0.2915710524077177,13,none,0.0,/workspace/scratch/a5f0879dfaa7/recoa-pinn/outputs/burgers_data_sparse_clean_v1/m7/seed_00077
sparse_clean,Burgers — 13 observations propres,burgers,m7,88,succeeded,,0.5001703604740527,1.1171905490615321,0.04977504696106065,0.04484520262065541,0.08078731140376824,1.9182783460000792,197376,0.5947831790048363,0.9881993352646561,4.466726663249945,0.18246690935661394,13,none,0.0,/workspace/scratch/a5f0879dfaa7/recoa-pinn/outputs/burgers_data_sparse_clean_v1/m7/seed_00088
sparse_clean,Burgers — 13 observations propres,burgers,m7,99,succeeded,,0.5012179757800337,0.9717032258843732,0.06013387432104152,0.037892263542863985,0.12807665869782875,1.9436183299999357,197376,0.61910069094187,0.9650213349354455,4.848336930387243,0.49479650367953665,13,none,0.0,/workspace/scratch/a5f0879dfaa7/recoa-pinn/outputs/burgers_data_sparse_clean_v1/m7/seed_00099
sparse_clean,Burgers — 13 observations propres,burgers,m7,111,succeeded,,0.5852746341696181,0.9858688403915122,0.12365753475200376,0.01848410311807317,0.0957604623608658,3.116328014999908,197376,0.5974451025402786,1.0042400171056047,4.7576080112833035,-0.5190964481418099,13,none,0.0,/workspace/scratch/a5f0879dfaa7/recoa-pinn/outputs/burgers_data_sparse_clean_v1/m7/seed_00111
sparse_clean,Burgers — 13 observations propres,burgers,m7u,11,succeeded,,0.5278194378807792,0.9509071178068766,0.05047544647195878,0.10046884859351515,0.5139120519175239,1.8723242400000117,197376,0.67262580316458,1.0375017351827571,4.914327508181039,0.9322365562791609,13,none,0.0,/workspace/scratch/a5f0879dfaa7/recoa-pinn/outputs/burgers_data_sparse_clean_v1/m7u/seed_00011
sparse_clean,Burgers — 13 observations propres,burgers,m7u,22,succeeded,,0.5148148817004019,0.9020277479065328,0.05350096508940899,0.17048112582651387,0.7370349381184059,3.0504168280000385,197376,0.6121150818319778,0.9854921656713906,4.7046067889017795,0.6921102187930495,13,none,0.0,/workspace/scratch/a5f0879dfaa7/recoa-pinn/outputs/burgers_data_sparse_clean_v1/m7u/seed_00022
sparse_clean,Burgers — 13 observations propres,burgers,m7u,33,succeeded,,0.7133088138406282,1.2467025296238945,0.09758814723314767,0.055019637227968016,0.5094582705339359,1.8859195919999365,197376,0.6682081288095746,1.028326929793726,4.8177726001569,0.7523117222054541,13,none,0.0,/workspace/scratch/a5f0879dfaa7/recoa-pinn/outputs/burgers_data_sparse_clean_v1/m7u/seed_00033
sparse_clean,Burgers — 13 observations propres,burgers,m7u,44,succeeded,,0.5880488895712991,1.107158649704929,0.09082710667575566,0.08215526016528985,0.44852871928782034,3.116415214000085,197376,0.6288331355738022,1.013472468144371,4.2664213593012414,0.6486432495849114,13,none,0.0,/workspace/scratch/a5f0879dfaa7/recoa-pinn/outputs/burgers_data_sparse_clean_v1/m7u/seed_00044
sparse_clean,Burgers — 13 observations propres,burgers,m7u,55,succeeded,,0.5973225014305918,1.077710053527803,0.06954358329233455,0.0645071571324401,0.4247090338620525,1.9122033129999636,197376,0.6700650673099032,0.8920249643537553,4.996590155169039,0.43358595833180963,13,none,0.0,/workspace/scratch/a5f0879dfaa7/recoa-pinn/outputs/burgers_data_sparse_clean_v1/m7u/seed_00055
sparse_clean,Burgers — 13 observations propres,burgers,m7u,66,succeeded,,0.6027161862429123,1.144334790822922,0.06679670453001427,0.09363103237317721,0.4406113991049668,1.87826631300004,197376,0.6292239336645937,0.9638077596680631,4.758696910208764,0.6681018555614101,13,none,0.0,/workspace/scratch/a5f0879dfaa7/recoa-pinn/outputs/burgers_data_sparse_clean_v1/m7u/seed_00066
sparse_clean,Burgers — 13 observations propres,burgers,m7u,77,succeeded,,0.6370277800354642,1.134401976007052,0.12840929892069913,0.06564024046549786,0.5369306445719301,3.036769785000047,197376,0.6836336142388528,0.9948345112976968,4.744068460147907,0.7284626717144597,13,none,0.0,/workspace/scratch/a5f0879dfaa7/recoa-pinn/outputs/burgers_data_sparse_clean_v1/m7u/seed_00077
sparse_clean,Burgers — 13 observations propres,burgers,m7u,88,succeeded,,0.5449415490714197,1.0859472696712869,0.048708795116157895,0.12774333803887877,0.6368802771995686,1.8703025180000168,197376,0.6444227225894188,0.9658221506095919,4.9860109876057415,0.6414804330981575,13,none,0.0,/workspace/scratch/a5f0879dfaa7/recoa-pinn/outputs/burgers_data_sparse_clean_v1/m7u/seed_00088
sparse_clean,Burgers — 13 observations propres,burgers,m7u,99,succeeded,,0.5312063933941444,0.9502604695911318,0.05458065670826866,0.10406271000633144,0.4759346508902738,1.86617546399998,197376,0.6011785365220298,1.0185126289342046,4.830630232449175,0.7529412356029036,13,none,0.0,/workspace/scratch/a5f0879dfaa7/recoa-pinn/outputs/burgers_data_sparse_clean_v1/m7u/seed_00099
sparse_clean,Burgers — 13 observations propres,burgers,m7u,111,succeeded,,0.6122466503256169,0.9523476821354335,0.11587759075381744,0.059362501604775714,0.4685108417778752,3.0952020430000857,197376,0.6744813625730097,1.0261154023852965,4.349645038570147,0.4878058432727198,13,none,0.0,/workspace/scratch/a5f0879dfaa7/recoa-pinn/outputs/burgers_data_sparse_clean_v1/m7u/seed_00111
sparse_clean,Burgers — 13 observations propres,burgers,vw,11,succeeded,,0.5153346951292868,0.9979851482038621,0.0,0.07370088277340213,0.3484120233564471,2.074130182999852,190976,0.7614570169591012,0.9999999999999999,3.4343665597296478,0.8003775043503222,13,none,0.0,/workspace/scratch/a5f0879dfaa7/recoa-pinn/outputs/burgers_data_sparse_clean_v1/vw/seed_00011
sparse_clean,Burgers — 13 observations propres,burgers,vw,22,succeeded,,0.5075111900733773,0.9007633076987825,0.0,0.10511909227125443,0.36606364713273964,2.3310383890002413,190976,0.8474900883244012,1.0,2.9363141569327227,0.4694046333219952,13,none,0.0,/workspace/scratch/a5f0879dfaa7/recoa-pinn/outputs/burgers_data_sparse_clean_v1/vw/seed_00022
sparse_clean,Burgers — 13 observations propres,burgers,vw,33,succeeded,,0.590482153157213,1.312761360656601,0.0,0.052354098858146535,0.26700506537768226,2.1718445350002185,190976,0.773285444463865,1.0,3.5721454123627208,0.7453460842015616,13,none,0.0,/workspace/scratch/a5f0879dfaa7/recoa-pinn/outputs/burgers_data_sparse_clean_v1/vw/seed_00033
sparse_clean,Burgers — 13 observations propres,burgers,vw,44,succeeded,,0.48544237482029357,1.1616070018975635,0.0,0.08047529686786845,0.22162396363423864,2.26622066300024,190976,0.8036737977337521,1.0,2.919913783231605,0.3692880921277135,13,none,0.0,/workspace/scratch/a5f0879dfaa7/recoa-pinn/outputs/burgers_data_sparse_clean_v1/vw/seed_00044
sparse_clean,Burgers — 13 observations propres,burgers,vw,55,succeeded,,0.5352481450749901,1.2010380722817797,0.0,0.03840545115896525,0.17616223176912751,2.177794929999891,190976,0.7874114588789575,1.0,3.903557097445417,0.20328309902623293,13,none,0.0,/workspace/scratch/a5f0879dfaa7/recoa-pinn/outputs/burgers_data_sparse_clean_v1/vw/seed_00055
sparse_clean,Burgers — 13 observations propres,burgers,vw,66,succeeded,,0.5057156467949928,1.004591106852754,0.0,0.08023328006910926,0.13423529811295784,1.9907650580003065,190976,0.7859134618988898,1.0000000000000002,3.002924548689254,0.10901030924882646,13,none,0.0,/workspace/scratch/a5f0879dfaa7/recoa-pinn/outputs/burgers_data_sparse_clean_v1/vw/seed_00066
sparse_clean,Burgers — 13 observations propres,burgers,vw,77,succeeded,,0.5383707250372175,1.1626237383674956,0.0,0.1101329207830233,0.3810676544674145,2.1836819200002537,190976,0.7372095250008387,0.9999999999999999,4.550993233967408,0.7365205185101847,13,none,0.0,/workspace/scratch/a5f0879dfaa7/recoa-pinn/outputs/burgers_data_sparse_clean_v1/vw/seed_00077
sparse_clean,Burgers — 13 observations propres,burgers,vw,88,succeeded,,0.5012730598363692,1.0342824426424384,0.0,0.09335567659117582,0.3908370236244854,1.9936664020001444,190976,0.7687757327350728,1.0000000000000002,4.765649163212595,0.8010115034517514,13,none,0.0,/workspace/scratch/a5f0879dfaa7/recoa-pinn/outputs/burgers_data_sparse_clean_v1/vw/seed_00088
sparse_clean,Burgers — 13 observations propres,burgers,vw,99,succeeded,,0.48122757183754644,0.9659001881436625,0.0,0.08232504117288399,0.25416333223277815,2.018071903999953,190976,0.7717239484816076,0.9999999999999999,3.3419271615383446,0.5518346114458259,13,none,0.0,/workspace/scratch/a5f0879dfaa7/recoa-pinn/outputs/burgers_data_sparse_clean_v1/vw/seed_00099
sparse_clean,Burgers — 13 observations propres,burgers,vw,111,succeeded,,0.4577046062518739,0.9485615608440522,0.0,0.07969515863352676,0.3743607706116343,2.1542496329998357,190976,0.7674717242473622,1.0,4.231907652040619,0.680654823705499,13,none,0.0,/workspace/scratch/a5f0879dfaa7/recoa-pinn/outputs/burgers_data_sparse_clean_v1/vw/seed_00111
sparse_clean,Burgers — 13 observations propres,burgers,vwca,11,succeeded,,0.5333289313589203,1.0002312229713992,0.051803063043780545,0.07266007135803437,0.34472311134595857,2.515858827000102,197376,0.7452521212628926,1.0,3.959975458683264,0.8207754371464011,13,none,0.0,/workspace/scratch/a5f0879dfaa7/recoa-pinn/outputs/burgers_data_sparse_clean_v1/vwca/seed_00011
sparse_clean,Burgers — 13 observations propres,burgers,vwca,22,succeeded,,0.48378110370072946,0.8919530622785505,0.05497757845203568,0.11042558414711413,0.4030472637276643,2.4243746970000757,197376,0.8245741826899603,1.0,2.878091322466171,0.41364605696144524,13,none,0.0,/workspace/scratch/a5f0879dfaa7/recoa-pinn/outputs/burgers_data_sparse_clean_v1/vwca/seed_00022
sparse_clean,Burgers — 13 observations propres,burgers,vwca,33,succeeded,,0.6898294759007575,1.236609639347933,0.1002992813097916,0.02341894649560672,0.17925579849591966,2.3220304189999297,197376,0.8150898564766231,1.0000000000000002,3.283609685620963,0.584653023781785,13,none,0.0,/workspace/scratch/a5f0879dfaa7/recoa-pinn/outputs/burgers_data_sparse_clean_v1/vwca/seed_00033
sparse_clean,Burgers — 13 observations propres,burgers,vwca,44,succeeded,,0.6379901044808853,1.2639604291230522,0.08997148555915471,0.05818600494736162,0.21125211360087093,2.3849817139998777,197376,0.8268170946634409,0.9999999999999998,2.74162693048423,0.3851676443585254,13,none,0.0,/workspace/scratch/a5f0879dfaa7/recoa-pinn/outputs/burgers_data_sparse_clean_v1/vwca/seed_00044
sparse_clean,Burgers — 13 observations propres,burgers,vwca,55,succeeded,,0.62421601763418,1.2277081458199492,0.0726298711890539,0.031169403233107365,0.15965388955201754,2.3485947209996993,197376,0.8138555774232512,1.0000000000000002,3.9452679308239538,0.459803785659003,13,none,0.0,/workspace/scratch/a5f0879dfaa7/recoa-pinn/outputs/burgers_data_sparse_clean_v1/vwca/seed_00055
sparse_clean,Burgers — 13 observations propres,burgers,vwca,66,succeeded,,0.5576129658466309,0.9663403829385645,0.07032410618419513,0.0753659471046551,0.13345384601205354,2.184609935000026,197376,0.8020674288722928,0.9999999999999999,3.48225674513324,-0.03376628335875894,13,none,0.0,/workspace/scratch/a5f0879dfaa7/recoa-pinn/outputs/burgers_data_sparse_clean_v1/vwca/seed_00066
sparse_clean,Burgers — 13 observations propres,burgers,vwca,77,succeeded,,0.5857883647229369,1.0046194053265647,0.1278165483646426,0.05269070348470524,0.27315958602802154,2.2261324940000122,197376,0.7587281459886545,1.0,4.144305838854972,0.6259720935551961,13,none,0.0,/workspace/scratch/a5f0879dfaa7/recoa-pinn/outputs/burgers_data_sparse_clean_v1/vwca/seed_00077
sparse_clean,Burgers — 13 observations propres,burgers,vwca,88,succeeded,,0.5165545434044865,1.0149375336344442,0.04872513945426686,0.08966985353848733,0.38642823393367337,2.049160579999807,197376,0.7705548321884047,0.9999999999999999,4.440479836245362,0.7201729917677371,13,none,0.0,/workspace/scratch/a5f0879dfaa7/recoa-pinn/outputs/burgers_data_sparse_clean_v1/vwca/seed_00088
sparse_clean,Burgers — 13 observations propres,burgers,vwca,99,succeeded,,0.524821980436972,0.9656085325492091,0.059264050526537757,0.06841544098671448,0.23691305061577395,2.161698183000226,197376,0.8056286029296743,1.0000000000000002,3.6433517678572453,0.4832743334393947,13,none,0.0,/workspace/scratch/a5f0879dfaa7/recoa-pinn/outputs/burgers_data_sparse_clean_v1/vwca/seed_00099
sparse_clean,Burgers — 13 observations propres,burgers,vwca,111,succeeded,,0.6341347223254427,0.9694723004795468,0.11943980470053071,0.046150613362721755,0.35591330491824946,2.275017707999723,197376,0.8147626623868579,0.9999999999999999,3.4632733104606053,0.7241602028733781,13,none,0.0,/workspace/scratch/a5f0879dfaa7/recoa-pinn/outputs/burgers_data_sparse_clean_v1/vwca/seed_00111
sparse_noisy,Burgers — 13 observations bruitées,burgers,m5,11,succeeded,,0.5421215153825912,0.9823737979212203,0.0551821621234662,0.10301468069318404,0.5109916288611517,2.1449329409997517,197376,,,,0.8589443537184972,13,gaussian,0.1,/workspace/scratch/a5f0879dfaa7/recoa-pinn/outputs/burgers_data_sparse_noisy_v1/m5/seed_00011
sparse_noisy,Burgers — 13 observations bruitées,burgers,m5,22,succeeded,,0.4992031594400612,0.8959385134628356,0.08619793494057851,0.16729425857727453,0.6644768279598838,2.674025898999389,197376,,,,0.6788294324825535,13,gaussian,0.1,/workspace/scratch/a5f0879dfaa7/recoa-pinn/outputs/burgers_data_sparse_noisy_v1/m5/seed_00022
sparse_noisy,Burgers — 13 observations bruitées,burgers,m5,33,succeeded,,0.7080306865922619,1.259391271297775,0.08851649474716221,0.04667653092280467,0.42294678615513037,2.437497336999513,197376,,,,0.7090568187777142,13,gaussian,0.1,/workspace/scratch/a5f0879dfaa7/recoa-pinn/outputs/burgers_data_sparse_noisy_v1/m5/seed_00033
sparse_noisy,Burgers — 13 observations bruitées,burgers,m5,44,succeeded,,0.5994099054956695,1.0791416117682848,0.08972312171693451,0.08665138586887705,0.3803602399486352,2.5689051199997266,197376,,,,0.5376969752211419,13,gaussian,0.1,/workspace/scratch/a5f0879dfaa7/recoa-pinn/outputs/burgers_data_sparse_noisy_v1/m5/seed_00044
sparse_noisy,Burgers — 13 observations bruitées,burgers,m5,55,succeeded,,0.6180790017533925,1.168480272634603,0.05321318127510675,0.0617273895537157,0.41651129242858415,2.8188515300007566,197376,,,,0.6322652428981583,13,gaussian,0.1,/workspace/scratch/a5f0879dfaa7/recoa-pinn/outputs/burgers_data_sparse_noisy_v1/m5/seed_00055
sparse_noisy,Burgers — 13 observations bruitées,burgers,m5,66,succeeded,,0.5785781753726706,1.0508593224452112,0.05887851262248649,0.0781193489656015,0.33880855942925264,2.4693207089994758,197376,,,,0.7693258394790123,13,gaussian,0.1,/workspace/scratch/a5f0879dfaa7/recoa-pinn/outputs/burgers_data_sparse_noisy_v1/m5/seed_00066
sparse_noisy,Burgers — 13 observations bruitées,burgers,m5,77,succeeded,,0.6144696805104212,1.0844005537864208,0.11977088121263217,0.06669139650929747,0.3784826579818452,2.3689775160000863,197376,,,,0.587514005922038,13,gaussian,0.1,/workspace/scratch/a5f0879dfaa7/recoa-pinn/outputs/burgers_data_sparse_noisy_v1/m5/seed_00077
sparse_noisy,Burgers — 13 observations bruitées,burgers,m5,88,succeeded,,0.5814355320092637,1.1875304955816137,0.0610589782259288,0.12895418758963217,0.6179786347027817,2.496651127000405,197376,,,,0.844024819430924,13,gaussian,0.1,/workspace/scratch/a5f0879dfaa7/recoa-pinn/outputs/burgers_data_sparse_noisy_v1/m5/seed_00088
sparse_noisy,Burgers — 13 observations bruitées,burgers,m5,99,succeeded,,0.5290165246445601,0.9290055921169023,0.0450575196084494,0.09914639707197749,0.41668541940557924,2.2667416249996677,197376,,,,0.7202903614816838,13,gaussian,0.1,/workspace/scratch/a5f0879dfaa7/recoa-pinn/outputs/burgers_data_sparse_noisy_v1/m5/seed_00099
sparse_noisy,Burgers — 13 observations bruitées,burgers,m5,111,succeeded,,0.6133567281511098,1.0588615975849727,0.10280729419298726,0.06260248548041665,0.506766391172807,2.325265870000294,197376,,,,0.6107489362244205,13,gaussian,0.1,/workspace/scratch/a5f0879dfaa7/recoa-pinn/outputs/burgers_data_sparse_noisy_v1/m5/seed_00111
sparse_noisy,Burgers — 13 observations bruitées,burgers,m6,11,succeeded,,0.5331482831834425,0.9922327691033446,0.04853627943470702,0.10304951159077666,0.4962352949413622,2.369212196999797,197376,,,,0.8294425757997574,13,gaussian,0.1,/workspace/scratch/a5f0879dfaa7/recoa-pinn/outputs/burgers_data_sparse_noisy_v1/m6/seed_00011
sparse_noisy,Burgers — 13 observations bruitées,burgers,m6,22,succeeded,,0.4993749448649104,0.9086668243984568,0.08860699543104011,0.165031938924311,0.6543827495084271,2.3575860299997657,197376,,,,0.7211802537574327,13,gaussian,0.1,/workspace/scratch/a5f0879dfaa7/recoa-pinn/outputs/burgers_data_sparse_noisy_v1/m6/seed_00022
sparse_noisy,Burgers — 13 observations bruitées,burgers,m6,33,succeeded,,0.6869315766340625,1.1978707746298223,0.08981130707868125,0.04592287842922493,0.40774705956633617,2.3697612830001162,197376,,,,0.6180014340966667,13,gaussian,0.1,/workspace/scratch/a5f0879dfaa7/recoa-pinn/outputs/burgers_data_sparse_noisy_v1/m6/seed_00033
sparse_noisy,Burgers — 13 observations bruitées,burgers,m6,44,succeeded,,0.6008911032135313,1.0811274123233152,0.09142945910642336,0.08498558834957609,0.3496997067851542,2.3756693830000586,197376,,,,0.46155226900349283,13,gaussian,0.1,/workspace/scratch/a5f0879dfaa7/recoa-pinn/outputs/burgers_data_sparse_noisy_v1/m6/seed_00044
sparse_noisy,Burgers — 13 observations bruitées,burgers,m6,55,succeeded,,0.6445028039969589,1.2436574877216924,0.05203356276924575,0.06497769298761152,0.43218970895925013,2.3319761010006914,197376,,,,0.5352003417632583,13,gaussian,0.1,/workspace/scratch/a5f0879dfaa7/recoa-pinn/outputs/burgers_data_sparse_noisy_v1/m6/seed_00055
sparse_noisy,Burgers — 13 observations bruitées,burgers,m6,66,succeeded,,0.581658477951327,1.068771965314676,0.051299568304486766,0.07977908075969065,0.34052584442103573,2.331682873000318,197376,,,,0.8057411289580602,13,gaussian,0.1,/workspace/scratch/a5f0879dfaa7/recoa-pinn/outputs/burgers_data_sparse_noisy_v1/m6/seed_00066
sparse_noisy,Burgers — 13 observations bruitées,burgers,m6,77,succeeded,,0.6028605527419088,1.0449067560648135,0.12150711224634687,0.06442011252918282,0.3366473297958047,2.3191107249995184,197376,,,,0.42096408036074906,13,gaussian,0.1,/workspace/scratch/a5f0879dfaa7/recoa-pinn/outputs/burgers_data_sparse_noisy_v1/m6/seed_00077
sparse_noisy,Burgers — 13 observations bruitées,burgers,m6,88,succeeded,,0.5115990628760629,0.9593487625043827,0.06337525385302227,0.128607457977792,0.6201109939222766,2.264587616999961,197376,,,,0.795441740582194,13,gaussian,0.1,/workspace/scratch/a5f0879dfaa7/recoa-pinn/outputs/burgers_data_sparse_noisy_v1/m6/seed_00088
sparse_noisy,Burgers — 13 observations bruitées,burgers,m6,99,succeeded,,0.5430897449081856,0.9203897698113008,0.046973213887330736,0.098509975137338,0.41003237802074766,2.281407487999786,197376,,,,0.7618681191985605,13,gaussian,0.1,/workspace/scratch/a5f0879dfaa7/recoa-pinn/outputs/burgers_data_sparse_noisy_v1/m6/seed_00099
sparse_noisy,Burgers — 13 observations bruitées,burgers,m6,111,succeeded,,0.592568021877859,0.888905778642856,0.10884576704527385,0.058148502181083035,0.4653471450731192,2.252997026999765,197376,,,,0.5119155819301447,13,gaussian,0.1,/workspace/scratch/a5f0879dfaa7/recoa-pinn/outputs/burgers_data_sparse_noisy_v1/m6/seed_00111
sparse_noisy,Burgers — 13 observations bruitées,burgers,m7,11,succeeded,,0.5042150899003321,0.9431807877783648,0.057174463762224036,0.04498737007889649,0.05927109089289929,1.9878957590000255,197376,0.6355676750973093,0.9627330411744304,4.450867266614245,0.29416750532240504,13,gaussian,0.1,/workspace/scratch/a5f0879dfaa7/recoa-pinn/outputs/burgers_data_sparse_noisy_v1/m7/seed_00011
sparse_noisy,Burgers — 13 observations bruitées,burgers,m7,22,succeeded,,0.4184508476213236,0.7924870325696787,0.08536075262509338,0.0568949248914597,0.10138611425135212,3.1375307729999804,197376,0.5712034002821845,1.0376325773974204,4.809394611248338,0.4036955362445616,13,gaussian,0.1,/workspace/scratch/a5f0879dfaa7/recoa-pinn/outputs/burgers_data_sparse_noisy_v1/m7/seed_00022
sparse_noisy,Burgers — 13 observations bruitées,burgers,m7,33,succeeded,,0.6817945570963688,1.306890177069576,0.09475939852949714,0.013641661123844111,0.0553100244259085,1.9501530919999368,197376,0.5671532107493145,1.0136924759713224,4.93858639698237,0.36138089921293093,13,gaussian,0.1,/workspace/scratch/a5f0879dfaa7/recoa-pinn/outputs/burgers_data_sparse_noisy_v1/m7/seed_00033
sparse_noisy,Burgers — 13 observations bruitées,burgers,m7,44,succeeded,,0.5735309767548522,1.1872180008736792,0.09186234541872354,0.05959410115469998,0.20648688634419338,1.9888962530000072,197376,0.6049966305390775,0.9729486307803554,3.701396268876242,0.5172276593304946,13,gaussian,0.1,/workspace/scratch/a5f0879dfaa7/recoa-pinn/outputs/burgers_data_sparse_noisy_v1/m7/seed_00044
sparse_noisy,Burgers — 13 observations bruitées,burgers,m7,55,succeeded,,0.5431408574696442,1.0430651115506144,0.05680786819490514,0.03768220969652954,0.0821535354920012,3.0932443940000667,197376,0.5866743062464401,0.9518772010028269,4.868179040347034,0.5277541533662201,13,gaussian,0.1,/workspace/scratch/a5f0879dfaa7/recoa-pinn/outputs/burgers_data_sparse_noisy_v1/m7/seed_00055
sparse_noisy,Burgers — 13 observations bruitées,burgers,m7,66,succeeded,,0.5622103563753083,1.0942937626136005,0.06138612882308877,0.10192577474411506,0.14942136852612156,1.9256947080000373,197376,0.5615732123629075,1.017871205102399,4.873424746184514,0.7446007059540956,13,gaussian,0.1,/workspace/scratch/a5f0879dfaa7/recoa-pinn/outputs/burgers_data_sparse_noisy_v1/m7/seed_00066
sparse_noisy,Burgers — 13 observations bruitées,burgers,m7,77,succeeded,,0.5666253959793476,1.0246919425532364,0.12520980908776838,0.045953324749193385,0.16504808475414318,3.098398565000025,197376,0.6372062842798673,1.0237424632005563,4.291464371931515,0.2160948970790836,13,gaussian,0.1,/workspace/scratch/a5f0879dfaa7/recoa-pinn/outputs/burgers_data_sparse_noisy_v1/m7/seed_00077
sparse_noisy,Burgers — 13 observations bruitées,burgers,m7,88,succeeded,,0.48653969018325044,1.065479878848914,0.06355727597513672,0.048313419465489414,0.0843178869500858,3.1008451029999833,197376,0.6021649723360251,0.9294684353791425,4.303413053838488,0.26565276901950424,13,gaussian,0.1,/workspace/scratch/a5f0879dfaa7/recoa-pinn/outputs/burgers_data_sparse_noisy_v1/m7/seed_00088
sparse_noisy,Burgers — 13 observations bruitées,burgers,m7,99,succeeded,,0.484142745521144,0.9038568839070316,0.04727146239110838,0.0319846272724969,0.1450472517760234,2.0000559580000754,197376,0.57601137186588,1.0132026996908405,4.852639660767879,0.5743501347040375,13,gaussian,0.1,/workspace/scratch/a5f0879dfaa7/recoa-pinn/outputs/burgers_data_sparse_noisy_v1/m7/seed_00099
sparse_noisy,Burgers — 13 observations bruitées,burgers,m7,111,succeeded,,0.564312084563064,1.008337511157596,0.10746706930888442,0.04185737694697127,0.20632405451187005,1.9168972869999834,197376,0.6403352998533072,1.0393861083884002,4.20277913794268,0.4048915631809181,13,gaussian,0.1,/workspace/scratch/a5f0879dfaa7/recoa-pinn/outputs/burgers_data_sparse_noisy_v1/m7/seed_00111
sparse_noisy,Burgers — 13 observations bruitées,burgers,m7u,11,succeeded,,0.5355769499089794,0.9422013657633336,0.056568467670269615,0.10257078199848692,0.5261214787407994,1.8762690989999555,197376,0.6588039442510838,0.9838741695550635,4.963086539011377,0.8478942393765078,13,gaussian,0.1,/workspace/scratch/a5f0879dfaa7/recoa-pinn/outputs/burgers_data_sparse_noisy_v1/m7u/seed_00011
sparse_noisy,Burgers — 13 observations bruitées,burgers,m7u,22,succeeded,,0.5248828754189022,0.9291370345632318,0.08662406880790062,0.17757924088379937,0.7360102577135444,3.122559702999979,197376,0.6724816817730931,0.9842006686284235,3.8596353598347317,0.6555503441424329,13,gaussian,0.1,/workspace/scratch/a5f0879dfaa7/recoa-pinn/outputs/burgers_data_sparse_noisy_v1/m7u/seed_00022
sparse_noisy,Burgers — 13 observations bruitées,burgers,m7u,33,succeeded,,0.6650535731171917,1.1259964167219365,0.08767672671991619,0.04840879998989463,0.440618847739848,1.8855046379999294,197376,0.6614104671979698,1.007150919916493,4.463319454947292,0.7709999550670492,13,gaussian,0.1,/workspace/scratch/a5f0879dfaa7/recoa-pinn/outputs/burgers_data_sparse_noisy_v1/m7u/seed_00033
sparse_noisy,Burgers — 13 observations bruitées,burgers,m7u,44,succeeded,,0.6172630267784164,1.1069655675116377,0.08917924938616062,0.0869430956661984,0.4298760329831072,1.8917964930000153,197376,0.5875087439931528,1.0067504154276237,4.9316538987725025,0.5410447399047064,13,gaussian,0.1,/workspace/scratch/a5f0879dfaa7/recoa-pinn/outputs/burgers_data_sparse_noisy_v1/m7u/seed_00044
sparse_noisy,Burgers — 13 observations bruitées,burgers,m7u,55,succeeded,,0.570110141302826,1.0281909124209072,0.05324328139963832,0.07431480499906275,0.49221522387876776,3.040360957999951,197376,0.6488462957831549,1.0050752854852236,4.289486645007766,0.5032292024789145,13,gaussian,0.1,/workspace/scratch/a5f0879dfaa7/recoa-pinn/outputs/burgers_data_sparse_noisy_v1/m7u/seed_00055
sparse_noisy,Burgers — 13 observations bruitées,burgers,m7u,66,succeeded,,0.5802675607524136,1.0433702268589693,0.05794987921342752,0.08057228525784915,0.3769651735621485,1.9094939450000084,197376,0.6244962934733054,1.007947366713363,4.457373745414103,0.7952830043328832,13,gaussian,0.1,/workspace/scratch/a5f0879dfaa7/recoa-pinn/outputs/burgers_data_sparse_noisy_v1/m7u/seed_00066
sparse_noisy,Burgers — 13 observations bruitées,burgers,m7u,77,succeeded,,0.6241449393154813,1.0763451532731563,0.11929292725749789,0.0680924641282425,0.43164655777039074,1.891868436999971,197376,0.6444853340461129,1.025867015336082,4.670065414734134,0.4951987977275945,13,gaussian,0.1,/workspace/scratch/a5f0879dfaa7/recoa-pinn/outputs/burgers_data_sparse_noisy_v1/m7u/seed_00077
sparse_noisy,Burgers — 13 observations bruitées,burgers,m7u,88,succeeded,,0.6007686641521187,1.1948131995734004,0.060980887777776334,0.13316661987407433,0.6417452262325243,1.9158359090000658,197376,0.5658430462761139,1.0236237108262665,4.972419002940938,0.775443926449748,13,gaussian,0.1,/workspace/scratch/a5f0879dfaa7/recoa-pinn/outputs/burgers_data_sparse_noisy_v1/m7u/seed_00088
sparse_noisy,Burgers — 13 observations bruitées,burgers,m7u,99,succeeded,,0.5367529011761022,0.9197766653074247,0.04334230312034567,0.10948323705370595,0.47062214054977664,1.8990311750000046,197376,0.7043008627142735,1.0314463404797216,4.853918972117265,0.8794561199799978,13,gaussian,0.1,/workspace/scratch/a5f0879dfaa7/recoa-pinn/outputs/burgers_data_sparse_noisy_v1/m7u/seed_00099
sparse_noisy,Burgers — 13 observations bruitées,burgers,m7u,111,succeeded,,0.6203095986030024,1.0029403944946844,0.10375545223810687,0.06849083662828984,0.5637412259327117,3.042319271999986,197376,0.6888853352983052,0.9418539787593307,4.642766118371799,0.6786064090061056,13,gaussian,0.1,/workspace/scratch/a5f0879dfaa7/recoa-pinn/outputs/burgers_data_sparse_noisy_v1/m7u/seed_00111
sparse_noisy,Burgers — 13 observations bruitées,burgers,vw,11,succeeded,,0.5193883782118566,0.9625011104381865,0.0,0.06829478157513566,0.324672715875327,2.1242915100001483,190976,0.7594152889553105,0.9999999999999998,3.983282494376909,0.7244299398805526,13,gaussian,0.1,/workspace/scratch/a5f0879dfaa7/recoa-pinn/outputs/burgers_data_sparse_noisy_v1/vw/seed_00011
sparse_noisy,Burgers — 13 observations bruitées,burgers,vw,22,succeeded,,0.5263795940023476,0.913758941393193,0.0,0.10005770058395712,0.3184480002382352,1.9834164429998964,190976,0.8235089435424431,1.0,3.3905636439063285,0.568002462487107,13,gaussian,0.1,/workspace/scratch/a5f0879dfaa7/recoa-pinn/outputs/burgers_data_sparse_noisy_v1/vw/seed_00022
sparse_noisy,Burgers — 13 observations bruitées,burgers,vw,33,succeeded,,0.5693145602143137,1.2059639958070227,0.0,0.040869066552966134,0.2159210981185148,2.1653470830001424,190976,0.758108696039156,0.9999999999999998,4.2445051880536,0.6936984858973393,13,gaussian,0.1,/workspace/scratch/a5f0879dfaa7/recoa-pinn/outputs/burgers_data_sparse_noisy_v1/vw/seed_00033
sparse_noisy,Burgers — 13 observations bruitées,burgers,vw,44,succeeded,,0.5425243883485709,1.1379977817700873,0.0,0.08717905227062897,0.18477755918372218,1.9624426939999466,190976,0.808618141567951,1.0000000000000002,3.2225633040779513,0.1873348446029642,13,gaussian,0.1,/workspace/scratch/a5f0879dfaa7/recoa-pinn/outputs/burgers_data_sparse_noisy_v1/vw/seed_00044
sparse_noisy,Burgers — 13 observations bruitées,burgers,vw,55,succeeded,,0.5543302786311717,1.243899337615682,0.0,0.033399823256327885,0.14996778760405222,2.366907893000189,190976,0.8322661779566622,0.9999999999999999,3.0796742158790775,0.2173736872793383,13,gaussian,0.1,/workspace/scratch/a5f0879dfaa7/recoa-pinn/outputs/burgers_data_sparse_noisy_v1/vw/seed_00055
sparse_noisy,Burgers — 13 observations bruitées,burgers,vw,66,succeeded,,0.5172684951836849,0.9860685827427108,0.0,0.0825865516525445,0.1231203052820612,2.10021548099985,190976,0.8036327537881027,1.0,2.95306755842622,0.3002374477038373,13,gaussian,0.1,/workspace/scratch/a5f0879dfaa7/recoa-pinn/outputs/burgers_data_sparse_noisy_v1/vw/seed_00066
sparse_noisy,Burgers — 13 observations bruitées,burgers,vw,77,succeeded,,0.4932907797632676,0.9549192600925323,0.0,0.10255801567871321,0.32248051918911186,2.0887528840003142,190976,0.7364877708575525,1.0,4.374853498877338,0.5595825865864013,13,gaussian,0.1,/workspace/scratch/a5f0879dfaa7/recoa-pinn/outputs/burgers_data_sparse_noisy_v1/vw/seed_00077
sparse_noisy,Burgers — 13 observations bruitées,burgers,vw,88,succeeded,,0.5148399751542821,0.9898400037781002,0.0,0.09150023443981875,0.36898273655561126,2.2646486270000423,190976,0.7639262188807466,1.0000000000000002,4.6548964649039135,0.7789148193926289,13,gaussian,0.1,/workspace/scratch/a5f0879dfaa7/recoa-pinn/outputs/burgers_data_sparse_noisy_v1/vw/seed_00088
sparse_noisy,Burgers — 13 observations bruitées,burgers,vw,99,succeeded,,0.5096429715462707,1.0232416428445297,0.0,0.07972640576966444,0.22244750242801384,2.1094282150002073,190976,0.8099854335953335,1.0,3.3721750839888287,0.5277238826897843,13,gaussian,0.1,/workspace/scratch/a5f0879dfaa7/recoa-pinn/outputs/burgers_data_sparse_noisy_v1/vw/seed_00099
sparse_noisy,Burgers — 13 observations bruitées,burgers,vw,111,succeeded,,0.535188757862178,1.1377502128866905,0.0,0.07506180406504079,0.35442215859130644,2.107316890999755,190976,0.7921743972590874,1.0,4.227092550526509,0.6430242682639955,13,gaussian,0.1,/workspace/scratch/a5f0879dfaa7/recoa-pinn/outputs/burgers_data_sparse_noisy_v1/vw/seed_00111
sparse_noisy,Burgers — 13 observations bruitées,burgers,vwca,11,succeeded,,0.5297686621661355,0.9818493208372774,0.05552058656318689,0.06903751480824295,0.33578642010297394,2.075436869999976,197376,0.7741169373486829,1.0,3.7439110076667452,0.727409665729933,13,gaussian,0.1,/workspace/scratch/a5f0879dfaa7/recoa-pinn/outputs/burgers_data_sparse_noisy_v1/vwca/seed_00011
sparse_noisy,Burgers — 13 observations bruitées,burgers,vwca,22,succeeded,,0.4898949851217156,0.9046267027277195,0.08548692603303865,0.11265191125230942,0.3769179916840935,2.1120831200000794,197376,0.8641136542541925,1.0,2.1978165553438767,0.5100953128734774,13,gaussian,0.1,/workspace/scratch/a5f0879dfaa7/recoa-pinn/outputs/burgers_data_sparse_noisy_v1/vwca/seed_00022
sparse_noisy,Burgers — 13 observations bruitées,burgers,vwca,33,succeeded,,0.6593109613197347,1.1208255619263494,0.0922081315517876,0.02044200190377863,0.137181490049114,2.1746747580000374,197376,0.8135432270170373,1.0,3.3068651092402988,0.3584916123876918,13,gaussian,0.1,/workspace/scratch/a5f0879dfaa7/recoa-pinn/outputs/burgers_data_sparse_noisy_v1/vwca/seed_00033
sparse_noisy,Burgers — 13 observations bruitées,burgers,vwca,44,succeeded,,0.5844689480771815,1.0314559905135385,0.0886231778170438,0.06605892013757136,0.17993382089053583,2.0551727279998886,197376,0.7904593257332815,0.9999999999999998,4.356108536220524,0.2380736869340269,13,gaussian,0.1,/workspace/scratch/a5f0879dfaa7/recoa-pinn/outputs/burgers_data_sparse_noisy_v1/vwca/seed_00044
sparse_noisy,Burgers — 13 observations bruitées,burgers,vwca,55,succeeded,,0.619765480427172,1.1966109179748905,0.05641233030977829,0.029466190545992595,0.17248295109265302,2.0731578800000534,197376,0.8040092278946437,1.0,2.911916837565702,0.2042884810011101,13,gaussian,0.1,/workspace/scratch/a5f0879dfaa7/recoa-pinn/outputs/burgers_data_sparse_noisy_v1/vwca/seed_00055
sparse_noisy,Burgers — 13 observations bruitées,burgers,vwca,66,succeeded,,0.563522495867322,0.9750188066017128,0.06075197341148666,0.07554017134868116,0.1205701076980027,2.159703922999597,197376,0.7986515868871369,1.0000000000000002,3.3417247257764617,0.16403199701020427,13,gaussian,0.1,/workspace/scratch/a5f0879dfaa7/recoa-pinn/outputs/burgers_data_sparse_noisy_v1/vwca/seed_00066
sparse_noisy,Burgers — 13 observations bruitées,burgers,vwca,77,succeeded,,0.5979923061498791,1.0708296230454635,0.11667108323530463,0.05093077772497485,0.18908883740005816,2.1929782020001767,197376,0.7910990705681268,0.9999999999999999,3.9420232780728695,0.1742582244138834,13,gaussian,0.1,/workspace/scratch/a5f0879dfaa7/recoa-pinn/outputs/burgers_data_sparse_noisy_v1/vwca/seed_00077
sparse_noisy,Burgers — 13 observations bruitées,burgers,vwca,88,succeeded,,0.500802945952383,0.952588404563956,0.06211414678849767,0.08882683065768487,0.3447641882938061,2.1713451509999686,197376,0.754119638193734,0.9999999999999999,5.042219841839119,0.7887715493877555,13,gaussian,0.1,/workspace/scratch/a5f0879dfaa7/recoa-pinn/outputs/burgers_data_sparse_noisy_v1/vwca/seed_00088
sparse_noisy,Burgers — 13 observations bruitées,burgers,vwca,99,succeeded,,0.5352081836172805,0.9389544052358526,0.04631012425043169,0.06955616427986144,0.21514294427831868,2.1772986709997895,197376,0.8202254752257699,1.0,3.3728169885012123,0.5573013471385665,13,gaussian,0.1,/workspace/scratch/a5f0879dfaa7/recoa-pinn/outputs/burgers_data_sparse_noisy_v1/vwca/seed_00099
sparse_noisy,Burgers — 13 observations bruitées,burgers,vwca,111,succeeded,,0.6053565262303838,1.0261207909218935,0.10533931397346119,0.04207753102930428,0.2619853579636903,2.186012897999717,197376,0.8210410356164708,0.9999999999999998,3.2878745323116734,0.30616151197677977,13,gaussian,0.1,/workspace/scratch/a5f0879dfaa7/recoa-pinn/outputs/burgers_data_sparse_noisy_v1/vwca/seed_00111
extreme_noise,Burgers — une observation et bruit fort,burgers,m5,11,succeeded,,0.5737589739171175,1.0901407831947532,0.05929677367287929,0.08219038486486634,0.48508259067824155,2.841724767999949,197376,,,,0.6437538775522175,1,heteroscedastic,0.2,/workspace/scratch/a5f0879dfaa7/recoa-pinn/outputs/burgers_data_extreme_v1/m5/seed_00011
extreme_noise,Burgers — une observation et bruit fort,burgers,m5,22,succeeded,,0.5046183793510605,0.869317045281585,0.03063296681635246,0.11146304475054121,0.37755879777366935,2.7432249719995525,197376,,,,0.47559205037689933,1,heteroscedastic,0.2,/workspace/scratch/a5f0879dfaa7/recoa-pinn/outputs/burgers_data_extreme_v1/m5/seed_00022
extreme_noise,Burgers — une observation et bruit fort,burgers,m5,33,succeeded,,1.2028257737835477,2.0823573595110916,0.09745491603542529,0.04403742327981563,0.39297257059911805,2.8981418469993514,197376,,,,0.5338856176821589,1,heteroscedastic,0.2,/workspace/scratch/a5f0879dfaa7/recoa-pinn/outputs/burgers_data_extreme_v1/m5/seed_00033
extreme_noise,Burgers — une observation et bruit fort,burgers,m5,44,succeeded,,0.6061886852116286,0.935094659884828,0.10055586957696966,0.06710340736676543,0.34784006722421507,2.8307839940007398,197376,,,,0.6866064101850914,1,heteroscedastic,0.2,/workspace/scratch/a5f0879dfaa7/recoa-pinn/outputs/burgers_data_extreme_v1/m5/seed_00044
extreme_noise,Burgers — une observation et bruit fort,burgers,m5,55,succeeded,,0.6152092128876174,0.9717683001308743,0.07679691134976652,0.05612402309546912,0.2512598744901635,2.8341278019997844,197376,,,,0.5596942941069977,1,heteroscedastic,0.2,/workspace/scratch/a5f0879dfaa7/recoa-pinn/outputs/burgers_data_extreme_v1/m5/seed_00055
extreme_noise,Burgers — une observation et bruit fort,burgers,m5,66,succeeded,,0.5837576132291329,1.0098707501746371,0.05608968960081159,0.07091295216346069,0.30542566563131757,2.758591334999437,197376,,,,0.08635389512340978,1,heteroscedastic,0.2,/workspace/scratch/a5f0879dfaa7/recoa-pinn/outputs/burgers_data_extreme_v1/m5/seed_00066
extreme_noise,Burgers — une observation et bruit fort,burgers,m5,77,succeeded,,0.9186866809364416,1.638818519349367,0.12662036767314372,0.072500685475519,0.38114061500322294,2.652347770000233,197376,,,,0.475281198755531,1,heteroscedastic,0.2,/workspace/scratch/a5f0879dfaa7/recoa-pinn/outputs/burgers_data_extreme_v1/m5/seed_00077
extreme_noise,Burgers — une observation et bruit fort,burgers,m5,88,succeeded,,0.6887151811298722,1.2762637888080706,0.05767947442433192,0.0868347011172019,0.49973987615880383,2.4702699279996523,197376,,,,0.7588639406895553,1,heteroscedastic,0.2,/workspace/scratch/a5f0879dfaa7/recoa-pinn/outputs/burgers_data_extreme_v1/m5/seed_00088
extreme_noise,Burgers — une observation et bruit fort,burgers,m5,99,succeeded,,0.5931974925561868,1.009180122562393,0.05489918617406115,0.10703739336347741,0.43744468897341776,2.426685907999854,197376,,,,0.7937566122024402,1,heteroscedastic,0.2,/workspace/scratch/a5f0879dfaa7/recoa-pinn/outputs/burgers_data_extreme_v1/m5/seed_00099
extreme_noise,Burgers — une observation et bruit fort,burgers,m5,111,succeeded,,0.5716160308353184,0.891329531000888,0.1379936300842101,0.07296783540565635,0.4375380155555127,2.296825114999592,197376,,,,0.5868645402631629,1,heteroscedastic,0.2,/workspace/scratch/a5f0879dfaa7/recoa-pinn/outputs/burgers_data_extreme_v1/m5/seed_00111
extreme_noise,Burgers — une observation et bruit fort,burgers,m6,11,succeeded,,0.5496293366574929,0.9532731689513803,0.05549310680063391,0.08646709011380346,0.4954201748729045,2.398299670000597,197376,,,,0.7000208910592092,1,heteroscedastic,0.2,/workspace/scratch/a5f0879dfaa7/recoa-pinn/outputs/burgers_data_extreme_v1/m6/seed_00011
extreme_noise,Burgers — une observation et bruit fort,burgers,m6,22,succeeded,,0.5352647946034891,0.9045452806972571,0.021192394131263007,0.11704200738886948,0.4122855213581586,2.3554223410001214,197376,,,,0.5538089762467862,1,heteroscedastic,0.2,/workspace/scratch/a5f0879dfaa7/recoa-pinn/outputs/burgers_data_extreme_v1/m6/seed_00022
extreme_noise,Burgers — une observation et bruit fort,burgers,m6,33,succeeded,,1.2177064109391822,2.106442404084972,0.1009929370784112,0.04235697829209708,0.37599794301791595,2.5644759759998124,197376,,,,0.4952512243957718,1,heteroscedastic,0.2,/workspace/scratch/a5f0879dfaa7/recoa-pinn/outputs/burgers_data_extreme_v1/m6/seed_00033
extreme_noise,Burgers — une observation et bruit fort,burgers,m6,44,succeeded,,0.6073774682063859,1.011861610801896,0.0984648920543818,0.06794618612384232,0.3388606006476998,2.3474403930003973,197376,,,,0.6509015993450553,1,heteroscedastic,0.2,/workspace/scratch/a5f0879dfaa7/recoa-pinn/outputs/burgers_data_extreme_v1/m6/seed_00044
extreme_noise,Burgers — une observation et bruit fort,burgers,m6,55,succeeded,,0.6199496506090851,1.0039256320643037,0.07534718100793275,0.05773909267991593,0.27741186486402336,2.3893560050000815,197376,,,,0.5210456369482538,1,heteroscedastic,0.2,/workspace/scratch/a5f0879dfaa7/recoa-pinn/outputs/burgers_data_extreme_v1/m6/seed_00055
extreme_noise,Burgers — une observation et bruit fort,burgers,m6,66,succeeded,,0.5871717953784057,1.0732299008552424,0.0519389684526689,0.07231581654330393,0.30605104891483187,2.6633882899996024,197376,,,,0.22118471429264502,1,heteroscedastic,0.2,/workspace/scratch/a5f0879dfaa7/recoa-pinn/outputs/burgers_data_extreme_v1/m6/seed_00066
extreme_noise,Burgers — une observation et bruit fort,burgers,m6,77,succeeded,,0.8626030542204138,1.5703376322160936,0.1279442634395782,0.07369626563167522,0.4381015757544215,2.4435796709994975,197376,,,,0.7241869099220983,1,heteroscedastic,0.2,/workspace/scratch/a5f0879dfaa7/recoa-pinn/outputs/burgers_data_extreme_v1/m6/seed_00077
extreme_noise,Burgers — une observation et bruit fort,burgers,m6,88,succeeded,,0.6848603806490589,1.2617003848784474,0.056276248195326825,0.08940524124445397,0.5155675645266556,2.3950088980000146,197376,,,,0.7727670508304986,1,heteroscedastic,0.2,/workspace/scratch/a5f0879dfaa7/recoa-pinn/outputs/burgers_data_extreme_v1/m6/seed_00088
extreme_noise,Burgers — une observation et bruit fort,burgers,m6,99,succeeded,,0.5815648685460757,0.9350898929170306,0.06140895957363738,0.10410582484168193,0.42807022187931926,2.4961471090000487,197376,,,,0.7638507893212957,1,heteroscedastic,0.2,/workspace/scratch/a5f0879dfaa7/recoa-pinn/outputs/burgers_data_extreme_v1/m6/seed_00099
extreme_noise,Burgers — une observation et bruit fort,burgers,m6,111,succeeded,,0.5871241436909322,0.9077483914069892,0.15167163043772353,0.07213259227353264,0.44587582412797594,2.3176459320002323,197376,,,,0.5566419105105346,1,heteroscedastic,0.2,/workspace/scratch/a5f0879dfaa7/recoa-pinn/outputs/burgers_data_extreme_v1/m6/seed_00111
extreme_noise,Burgers — une observation et bruit fort,burgers,m7,11,succeeded,,0.5193312201106638,0.9240728556495913,0.060334300827897244,0.04509424885539283,0.0704941827062795,1.9793131469999707,197376,0.5989802458073042,1.0412159152114469,4.936840404587878,0.2590537133649285,1,heteroscedastic,0.2,/workspace/scratch/a5f0879dfaa7/recoa-pinn/outputs/burgers_data_extreme_v1/m7/seed_00011
extreme_noise,Burgers — une observation et bruit fort,burgers,m7,22,succeeded,,0.48084147613260364,0.8756437941314879,0.03536081303498388,0.07293388498922701,0.06950624346724105,1.9673958220000713,197376,0.5476162947890401,1.0962498714497788,4.990947981263284,0.08849946240825447,1,heteroscedastic,0.2,/workspace/scratch/a5f0879dfaa7/recoa-pinn/outputs/burgers_data_extreme_v1/m7/seed_00022
extreme_noise,Burgers — une observation et bruit fort,burgers,m7,33,succeeded,,1.11774614922453,2.053310317204265,0.09912274643638173,0.016508805439510336,0.10840646737875145,3.141091940000024,197376,0.5925688838461273,0.8978964284810894,4.6693630000038535,0.4056847855538685,1,heteroscedastic,0.2,/workspace/scratch/a5f0879dfaa7/recoa-pinn/outputs/burgers_data_extreme_v1/m7/seed_00033
extreme_noise,Burgers — une observation et bruit fort,burgers,m7,44,succeeded,,0.5865107335674484,0.9930944616505394,0.09986629070978986,0.04722869344778753,0.11309330338825135,1.9390581860000111,197376,0.6471360253247612,1.011477839885997,4.651033107946369,0.26445141092900654,1,heteroscedastic,0.2,/workspace/scratch/a5f0879dfaa7/recoa-pinn/outputs/burgers_data_extreme_v1/m7/seed_00044
extreme_noise,Burgers — une observation et bruit fort,burgers,m7,55,succeeded,,0.60898309132321,0.9928010789816347,0.080608650530606,0.04696182259433553,0.1766923134733313,3.0786806370000477,197376,0.6582240045939566,1.0135626754849587,4.149774600166532,0.7926868992996348,1,heteroscedastic,0.2,/workspace/scratch/a5f0879dfaa7/recoa-pinn/outputs/burgers_data_extreme_v1/m7/seed_00055
extreme_noise,Burgers — une observation et bruit fort,burgers,m7,66,succeeded,,0.5686140965388866,0.9592366128521992,0.05764723796106889,0.0995994773297868,0.18047411629289237,1.9361040950000188,197376,0.6565735231258519,1.0636070548798284,4.902719889346929,0.20237733724233795,1,heteroscedastic,0.2,/workspace/scratch/a5f0879dfaa7/recoa-pinn/outputs/burgers_data_extreme_v1/m7/seed_00066
extreme_noise,Burgers — une observation et bruit fort,burgers,m7,77,succeeded,,0.9033308376007672,1.6974524686360513,0.1295641976879985,0.060401288214896605,0.08183567598526346,1.9284754349999957,197376,0.5565914568392621,0.9191778575731329,4.959330714594874,0.502304209912144,1,heteroscedastic,0.2,/workspace/scratch/a5f0879dfaa7/recoa-pinn/outputs/burgers_data_extreme_v1/m7/seed_00077
extreme_noise,Burgers — une observation et bruit fort,burgers,m7,88,succeeded,,0.6510041012478949,1.303739470678456,0.06356269425663953,0.03837663296205319,0.1025481065792837,3.0762453620000088,197376,0.5790709055952434,1.0485944889866974,4.937888566564503,0.35644071676232036,1,heteroscedastic,0.2,/workspace/scratch/a5f0879dfaa7/recoa-pinn/outputs/burgers_data_extreme_v1/m7/seed_00088
extreme_noise,Burgers — une observation et bruit fort,burgers,m7,99,succeeded,,0.5549504723411299,1.0461505698838502,0.05415848638987421,0.02883931138889068,0.1536553559625874,1.9550490550000177,197376,0.5458895605597214,1.0313807108354394,4.883122200611328,0.3915474753831426,1,heteroscedastic,0.2,/workspace/scratch/a5f0879dfaa7/recoa-pinn/outputs/burgers_data_extreme_v1/m7/seed_00099
extreme_noise,Burgers — une observation et bruit fort,burgers,m7,111,succeeded,,0.560159714875348,0.9151282284758726,0.14288081290150204,0.040181177725175925,0.12275201206819662,3.13360757199996,197376,0.6104777840887371,0.994278308742218,4.898327545211317,0.24202093500418273,1,heteroscedastic,0.2,/workspace/scratch/a5f0879dfaa7/recoa-pinn/outputs/burgers_data_extreme_v1/m7/seed_00111
extreme_noise,Burgers — une observation et bruit fort,burgers,m7u,11,succeeded,,0.5433198660502462,0.9200775649475196,0.05747137484801914,0.08419705816149556,0.518855021475089,3.031463066000015,197376,0.7082917555584927,0.9836211196637845,4.498325955486481,0.6981745803543506,1,heteroscedastic,0.2,/workspace/scratch/a5f0879dfaa7/recoa-pinn/outputs/burgers_data_extreme_v1/m7u/seed_00011
extreme_noise,Burgers — une observation et bruit fort,burgers,m7u,22,succeeded,,0.5091498328583001,0.9067709551425271,0.031787362811029535,0.11675620672784089,0.4360264566415406,1.908615042000065,197376,0.6688757937157289,1.0579940855466055,4.665540722605712,0.5633828356645365,1,heteroscedastic,0.2,/workspace/scratch/a5f0879dfaa7/recoa-pinn/outputs/burgers_data_extreme_v1/m7u/seed_00022
extreme_noise,Burgers — une observation et bruit fort,burgers,m7u,33,succeeded,,1.1980721655175153,2.043831647167917,0.09625496697106946,0.044329735950115995,0.4112913415866261,3.078529341000035,197376,0.5795256153628426,1.0549024624678205,4.978905583001732,0.5767621828679141,1,heteroscedastic,0.2,/workspace/scratch/a5f0879dfaa7/recoa-pinn/outputs/burgers_data_extreme_v1/m7u/seed_00033
extreme_noise,Burgers — une observation et bruit fort,burgers,m7u,44,succeeded,,0.6002020847755714,0.9878945047076817,0.09738040673108785,0.07347177975928147,0.4041806868246562,1.9600662400000601,197376,0.6972015248596671,0.9217944108876324,4.4839276748071395,0.5789073933777789,1,heteroscedastic,0.2,/workspace/scratch/a5f0879dfaa7/recoa-pinn/outputs/burgers_data_extreme_v1/m7u/seed_00044
extreme_noise,Burgers — une observation et bruit fort,burgers,m7u,55,succeeded,,0.6098209431690996,0.9156250808826482,0.0768287287140294,0.056156322143870646,0.2550118100361189,1.951215077000029,197376,0.6888983822105827,1.0189060065343798,4.242106970270495,0.4350590619349681,1,heteroscedastic,0.2,/workspace/scratch/a5f0879dfaa7/recoa-pinn/outputs/burgers_data_extreme_v1/m7u/seed_00055
extreme_noise,Burgers — une observation et bruit fort,burgers,m7u,66,succeeded,,0.610486501512122,1.0379843674229619,0.05592650681078798,0.07049291121571365,0.31153367357617356,3.0397902509999994,197376,0.7095340776095628,0.9696691436315122,4.794740127850784,0.5063398188037177,1,heteroscedastic,0.2,/workspace/scratch/a5f0879dfaa7/recoa-pinn/outputs/burgers_data_extreme_v1/m7u/seed_00066
extreme_noise,Burgers — une observation et bruit fort,burgers,m7u,77,succeeded,,0.8950449885745485,1.5717926166541876,0.1261541665536022,0.07393773086383054,0.47114064988529214,1.955539773000055,197376,0.6416596510076861,1.023691395859567,4.934341627667089,0.6540648005598076,1,heteroscedastic,0.2,/workspace/scratch/a5f0879dfaa7/recoa-pinn/outputs/burgers_data_extreme_v1/m7u/seed_00077
extreme_noise,Burgers — une observation et bruit fort,burgers,m7u,88,succeeded,,0.6647094371603686,1.259878340951094,0.05747583156263834,0.09135095341388606,0.5375078026515502,3.032739672000048,197376,0.649724043707226,0.9899338190977325,4.792453481823223,0.8159292586235615,1,heteroscedastic,0.2,/workspace/scratch/a5f0879dfaa7/recoa-pinn/outputs/burgers_data_extreme_v1/m7u/seed_00088
extreme_noise,Burgers — une observation et bruit fort,burgers,m7u,99,succeeded,,0.5766669673609028,0.9671207026221702,0.05364330909433419,0.1080327616892246,0.4496578455895922,1.9351145019999194,197376,0.5938949288987035,1.0022416711166167,4.831416811559334,0.8698897285094225,1,heteroscedastic,0.2,/workspace/scratch/a5f0879dfaa7/recoa-pinn/outputs/burgers_data_extreme_v1/m7u/seed_00099
extreme_noise,Burgers — une observation et bruit fort,burgers,m7u,111,succeeded,,0.5859481891825866,0.913766150289964,0.13362218996982028,0.07004813851649874,0.42834000797550137,1.9239403969999103,197376,0.6815478568450201,0.9559920549502168,4.4071250484623805,0.5563806397997518,1,heteroscedastic,0.2,/workspace/scratch/a5f0879dfaa7/recoa-pinn/outputs/burgers_data_extreme_v1/m7u/seed_00111
extreme_noise,Burgers — une observation et bruit fort,burgers,vw,11,succeeded,,0.5375856013839903,1.017953137038683,0.0,0.05219487302192533,0.2554450654501568,2.0883211820000724,190976,0.7820837985353292,1.0,3.3150866155807455,0.4778892751813401,1,heteroscedastic,0.2,/workspace/scratch/a5f0879dfaa7/recoa-pinn/outputs/burgers_data_extreme_v1/vw/seed_00011
extreme_noise,Burgers — une observation et bruit fort,burgers,vw,22,succeeded,,0.5040189331186313,0.9049958467926658,0.0,0.09621918289020197,0.22180854274967005,2.14238152300004,190976,0.8309466670677667,1.0,3.329338634988404,0.4491919131997846,1,heteroscedastic,0.2,/workspace/scratch/a5f0879dfaa7/recoa-pinn/outputs/burgers_data_extreme_v1/vw/seed_00022
extreme_noise,Burgers — une observation et bruit fort,burgers,vw,33,succeeded,,1.2001099096151704,2.323841972528082,0.0,0.03291236731896088,0.15416907343432715,2.269518645000062,190976,0.6659325681164012,1.0,6.958756361990907,0.14927587567660022,1,heteroscedastic,0.2,/workspace/scratch/a5f0879dfaa7/recoa-pinn/outputs/burgers_data_extreme_v1/vw/seed_00033
extreme_noise,Burgers — une observation et bruit fort,burgers,vw,44,succeeded,,0.5584791394031149,1.031090001276885,0.0,0.07852463281911541,0.1289521437702522,2.1170903029997135,190976,0.7868976522964161,1.0,3.688828836715403,0.34352649636610416,1,heteroscedastic,0.2,/workspace/scratch/a5f0879dfaa7/recoa-pinn/outputs/burgers_data_extreme_v1/vw/seed_00044
extreme_noise,Burgers — une observation et bruit fort,burgers,vw,55,succeeded,,0.5538169497599764,0.9534410453302122,0.0,0.04391032392591999,0.11957289429403183,2.075723915999788,190976,0.822516803771838,1.0000000000000002,3.633242050217036,0.16413988509542393,1,heteroscedastic,0.2,/workspace/scratch/a5f0879dfaa7/recoa-pinn/outputs/burgers_data_extreme_v1/vw/seed_00055
extreme_noise,Burgers — une observation et bruit fort,burgers,vw,66,succeeded,,0.537141018611963,1.0672974276066405,0.0,0.08411561553656434,0.10123413907544469,2.145248201999948,190976,0.8092664854174053,1.0,3.4887486942079526,0.1029725219481719,1,heteroscedastic,0.2,/workspace/scratch/a5f0879dfaa7/recoa-pinn/outputs/burgers_data_extreme_v1/vw/seed_00066
extreme_noise,Burgers — une observation et bruit fort,burgers,vw,77,succeeded,,0.8660277292032935,1.9209099734476545,0.0,0.08555673133292442,0.27244414050799565,2.1223720910002157,190976,0.7808458276709089,1.0000000000000002,5.234986774745961,0.6069207816013714,1,heteroscedastic,0.2,/workspace/scratch/a5f0879dfaa7/recoa-pinn/outputs/burgers_data_extreme_v1/vw/seed_00077
extreme_noise,Burgers — une observation et bruit fort,burgers,vw,88,succeeded,,0.6917795721850903,1.393885513307111,0.0,0.06742329253878152,0.28640274630117507,2.083411552999678,190976,0.7437605907872173,1.0,5.857195650987513,0.6430124029215148,1,heteroscedastic,0.2,/workspace/scratch/a5f0879dfaa7/recoa-pinn/outputs/burgers_data_extreme_v1/vw/seed_00088
extreme_noise,Burgers — une observation et bruit fort,burgers,vw,99,succeeded,,0.5261372338577186,1.00650201872616,0.0,0.09116470467450676,0.2396294172846697,2.1410675960000844,190976,0.7691821132054875,1.0000000000000002,4.082077874781397,0.6523615237316089,1,heteroscedastic,0.2,/workspace/scratch/a5f0879dfaa7/recoa-pinn/outputs/burgers_data_extreme_v1/vw/seed_00099
extreme_noise,Burgers — une observation et bruit fort,burgers,vw,111,succeeded,,0.48629734519195333,0.8698591444046774,0.0,0.0570663732512981,0.2758888665145053,2.0648704640002506,190976,0.7245202587794694,1.0,4.847768509337496,0.5902733558988416,1,heteroscedastic,0.2,/workspace/scratch/a5f0879dfaa7/recoa-pinn/outputs/burgers_data_extreme_v1/vw/seed_00111
extreme_noise,Burgers — une observation et bruit fort,burgers,vwca,11,succeeded,,0.5628531975754174,1.0130942467460469,0.059192392770395896,0.05493233384752877,0.26888944842175194,2.210448680999889,197376,0.7829899759090105,1.0,3.2750391710810014,0.5323528414387809,1,heteroscedastic,0.2,/workspace/scratch/a5f0879dfaa7/recoa-pinn/outputs/burgers_data_extreme_v1/vwca/seed_00011
extreme_noise,Burgers — une observation et bruit fort,burgers,vwca,22,succeeded,,0.5107230863238467,0.8741345140459754,0.03320223026820226,0.09033722753592506,0.20675417633218654,2.2277548039996873,197376,0.7869147662927546,1.0000000000000002,4.47604920250756,0.26774837017006714,1,heteroscedastic,0.2,/workspace/scratch/a5f0879dfaa7/recoa-pinn/outputs/burgers_data_extreme_v1/vwca/seed_00022
extreme_noise,Burgers — une observation et bruit fort,burgers,vwca,33,succeeded,,1.1845436800587896,2.058252530069517,0.0981739088754676,0.018053625439981985,0.128304490282303,2.2869465019998643,197376,0.7806733274608585,1.0,4.854006546723765,0.17714533389475895,1,heteroscedastic,0.2,/workspace/scratch/a5f0879dfaa7/recoa-pinn/outputs/burgers_data_extreme_v1/vwca/seed_00033
extreme_noise,Burgers — une observation et bruit fort,burgers,vwca,44,succeeded,,0.6258432862756678,1.0325750562367073,0.10293399880692235,0.04702311888611112,0.1388241039705661,2.1569540469999993,197376,0.8199860521464891,1.0,2.777247961127124,0.4151699923092429,1,heteroscedastic,0.2,/workspace/scratch/a5f0879dfaa7/recoa-pinn/outputs/burgers_data_extreme_v1/vwca/seed_00044
extreme_noise,Burgers — une observation et bruit fort,burgers,vwca,55,succeeded,,0.6325328295018042,1.0361216854820872,0.07903745693268123,0.04534361932975314,0.11062287758078887,2.182755086999805,197376,0.819414500964025,1.0,3.2848136497085703,-0.09949583850997767,1,heteroscedastic,0.2,/workspace/scratch/a5f0879dfaa7/recoa-pinn/outputs/burgers_data_extreme_v1/vwca/seed_00055
extreme_noise,Burgers — une observation et bruit fort,burgers,vwca,66,succeeded,,0.5835391643795919,1.0346030497574517,0.05818882509363124,0.0847229618308742,0.11695903995672316,2.1697441549999894,197376,0.8351184212229521,0.9999999999999998,2.8066537403274183,0.37940074575234345,1,heteroscedastic,0.2,/workspace/scratch/a5f0879dfaa7/recoa-pinn/outputs/burgers_data_extreme_v1/vwca/seed_00066
extreme_noise,Burgers — une observation et bruit fort,burgers,vwca,77,succeeded,,0.8398021921647174,1.5596180341831185,0.12413901025675847,0.06599971586985345,0.20418379977937387,2.1516770539997196,197376,0.772288529747432,1.0,4.005005374274925,0.31013510078485934,1,heteroscedastic,0.2,/workspace/scratch/a5f0879dfaa7/recoa-pinn/outputs/burgers_data_extreme_v1/vwca/seed_00077
extreme_noise,Burgers — une observation et bruit fort,burgers,vwca,88,succeeded,,0.7078547396883725,1.3433541613097764,0.060674641390516613,0.05892288170277576,0.26073810132635794,2.1772213889998966,197376,0.7418406003091188,1.0,5.249241742565356,0.542972375612517,1,heteroscedastic,0.2,/workspace/scratch/a5f0879dfaa7/recoa-pinn/outputs/burgers_data_extreme_v1/vwca/seed_00088
extreme_noise,Burgers — une observation et bruit fort,burgers,vwca,99,succeeded,,0.5731667353737235,0.9315393927239954,0.05396336934019875,0.07021989828402468,0.20714223394448397,2.208031781000045,197376,0.8070577474820502,1.0,2.9218114362977725,0.5459969782440847,1,heteroscedastic,0.2,/workspace/scratch/a5f0879dfaa7/recoa-pinn/outputs/burgers_data_extreme_v1/vwca/seed_00099
extreme_noise,Burgers — une observation et bruit fort,burgers,vwca,111,succeeded,,0.5935105933000825,0.9046813612516931,0.15185307760243638,0.04778513237165793,0.2585129632052572,2.162774335999984,197376,0.776664274724519,1.0,4.034891240119172,0.48160066146580227,1,heteroscedastic,0.2,/workspace/scratch/a5f0879dfaa7/recoa-pinn/outputs/burgers_data_extreme_v1/vwca/seed_00111
block_missing,Burgers — bloc de capteurs manquant,burgers,m5,11,succeeded,,0.5135632228302798,0.9357163370688102,0.05885654131047637,0.10292238753443694,0.5115343947559374,2.292011678999984,197376,,,,0.7554498186360018,64,correlated,0.05,/workspace/scratch/a5f0879dfaa7/recoa-pinn/outputs/burgers_data_block_missing_v1/m5/seed_00011
block_missing,Burgers — bloc de capteurs manquant,burgers,m5,22,succeeded,,0.5179194812373251,0.9365285683523159,0.066852300998217,0.16045700529298867,0.5994136065922876,2.1429156099999886,197376,,,,0.7117001440990268,64,correlated,0.05,/workspace/scratch/a5f0879dfaa7/recoa-pinn/outputs/burgers_data_block_missing_v1/m5/seed_00022
block_missing,Burgers — bloc de capteurs manquant,burgers,m5,33,succeeded,,0.6023322841993076,0.941666016318421,0.08808441758558848,0.0572367903457719,0.5124530438747666,2.2488064890000032,197376,,,,0.6934795657462886,64,correlated,0.05,/workspace/scratch/a5f0879dfaa7/recoa-pinn/outputs/burgers_data_block_missing_v1/m5/seed_00033
block_missing,Burgers — bloc de capteurs manquant,burgers,m5,44,succeeded,,0.5628130822247227,0.9559902154618468,0.0904704398856298,0.07526781627543698,0.41819118489470164,2.2029383940000002,197376,,,,0.6025144006547725,64,correlated,0.05,/workspace/scratch/a5f0879dfaa7/recoa-pinn/outputs/burgers_data_block_missing_v1/m5/seed_00044
block_missing,Burgers — bloc de capteurs manquant,burgers,m5,55,succeeded,,0.5935081901431327,1.1098352364103468,0.055039762121323436,0.052939778225902116,0.3414843596146776,2.2328678560000412,197376,,,,0.6935602983778993,64,correlated,0.05,/workspace/scratch/a5f0879dfaa7/recoa-pinn/outputs/burgers_data_block_missing_v1/m5/seed_00055
block_missing,Burgers — bloc de capteurs manquant,burgers,m5,66,succeeded,,0.534236112842796,0.9108778158130937,0.05903797193166204,0.08392243377732661,0.31886342946657986,2.189457358000027,197376,,,,0.6351203273570594,64,correlated,0.05,/workspace/scratch/a5f0879dfaa7/recoa-pinn/outputs/burgers_data_block_missing_v1/m5/seed_00066
block_missing,Burgers — bloc de capteurs manquant,burgers,m5,77,succeeded,,0.6109881346671994,0.928212158490457,0.12029444050500747,0.06709398682254931,0.4504201192293077,2.219787705999977,197376,,,,0.6634258396280384,64,correlated,0.05,/workspace/scratch/a5f0879dfaa7/recoa-pinn/outputs/burgers_data_block_missing_v1/m5/seed_00077
block_missing,Burgers — bloc de capteurs manquant,burgers,m5,88,succeeded,,0.5253396290668618,0.978796960917144,0.05647570257854034,0.11823378226223726,0.5152036128725768,2.159684518000006,197376,,,,0.8406440546604859,64,correlated,0.05,/workspace/scratch/a5f0879dfaa7/recoa-pinn/outputs/burgers_data_block_missing_v1/m5/seed_00088
block_missing,Burgers — bloc de capteurs manquant,burgers,m5,99,succeeded,,0.5546437651143967,1.0055522555355456,0.049503408583240226,0.11428095926831716,0.46961140740201385,2.3324694920000297,197376,,,,0.8136077426068526,64,correlated,0.05,/workspace/scratch/a5f0879dfaa7/recoa-pinn/outputs/burgers_data_block_missing_v1/m5/seed_00099
block_missing,Burgers — bloc de capteurs manquant,burgers,m5,111,succeeded,,0.559519186605163,0.9440910979142351,0.10448960758916061,0.05232188532784287,0.40228272985482727,2.265855778999992,197376,,,,0.7231657035600919,64,correlated,0.05,/workspace/scratch/a5f0879dfaa7/recoa-pinn/outputs/burgers_data_block_missing_v1/m5/seed_00111
block_missing,Burgers — bloc de capteurs manquant,burgers,m6,11,succeeded,,0.5098939112276272,0.943326194134487,0.0525494013246647,0.10458844937018888,0.5099485103726291,2.3651376020000043,197376,,,,0.7615598232831963,64,correlated,0.05,/workspace/scratch/a5f0879dfaa7/recoa-pinn/outputs/burgers_data_block_missing_v1/m6/seed_00011
block_missing,Burgers — bloc de capteurs manquant,burgers,m6,22,succeeded,,0.5309624781410187,0.9423831802448697,0.06669306922886822,0.15504848622732392,0.5592187411822901,2.391975967999997,197376,,,,0.7414958161618627,64,correlated,0.05,/workspace/scratch/a5f0879dfaa7/recoa-pinn/outputs/burgers_data_block_missing_v1/m6/seed_00022
block_missing,Burgers — bloc de capteurs manquant,burgers,m6,33,succeeded,,0.6035525386720026,0.9679245407910303,0.09113572549034622,0.061683078184486366,0.5437487050084556,2.148431417999973,197376,,,,0.7588901779687895,64,correlated,0.05,/workspace/scratch/a5f0879dfaa7/recoa-pinn/outputs/burgers_data_block_missing_v1/m6/seed_00033
block_missing,Burgers — bloc de capteurs manquant,burgers,m6,44,succeeded,,0.5616821725010636,0.9824412346103405,0.09043199091121848,0.07378519441740564,0.40866489141631973,2.2346052720000102,197376,,,,0.6249772562713315,64,correlated,0.05,/workspace/scratch/a5f0879dfaa7/recoa-pinn/outputs/burgers_data_block_missing_v1/m6/seed_00044
block_missing,Burgers — bloc de capteurs manquant,burgers,m6,55,succeeded,,0.5624697896724402,0.974167490562994,0.052906361414687526,0.05257274604228437,0.32279582266637796,2.34276896800003,197376,,,,0.5907952565929719,64,correlated,0.05,/workspace/scratch/a5f0879dfaa7/recoa-pinn/outputs/burgers_data_block_missing_v1/m6/seed_00055
block_missing,Burgers — bloc de capteurs manquant,burgers,m6,66,succeeded,,0.5356145997456218,0.9177591291297315,0.05043744945109562,0.08403175537063098,0.3313479234973895,2.276085672000022,197376,,,,0.7129015239030915,64,correlated,0.05,/workspace/scratch/a5f0879dfaa7/recoa-pinn/outputs/burgers_data_block_missing_v1/m6/seed_00066
block_missing,Burgers — bloc de capteurs manquant,burgers,m6,77,succeeded,,0.6062635384577411,0.9533226062320136,0.12384730964071405,0.0654437472183524,0.4366325135429235,2.2392887930000143,197376,,,,0.6690286249145966,64,correlated,0.05,/workspace/scratch/a5f0879dfaa7/recoa-pinn/outputs/burgers_data_block_missing_v1/m6/seed_00077
block_missing,Burgers — bloc de capteurs manquant,burgers,m6,88,succeeded,,0.5227949972151833,0.9412547376558961,0.05823875240268345,0.12345292925852897,0.5404856432918694,2.3652279159999807,197376,,,,0.8178772528364818,64,correlated,0.05,/workspace/scratch/a5f0879dfaa7/recoa-pinn/outputs/burgers_data_block_missing_v1/m6/seed_00088
block_missing,Burgers — bloc de capteurs manquant,burgers,m6,99,succeeded,,0.5466298711829638,0.8962813398238367,0.05011694330732338,0.11384771982393808,0.4762185977496917,2.4339469180000037,197376,,,,0.7777377181347709,64,correlated,0.05,/workspace/scratch/a5f0879dfaa7/recoa-pinn/outputs/burgers_data_block_missing_v1/m6/seed_00099
block_missing,Burgers — bloc de capteurs manquant,burgers,m6,111,succeeded,,0.5670547080292916,0.9797391085254611,0.1116731396500852,0.05134736182104391,0.42858980417627984,2.439131018000012,197376,,,,0.6848841172341316,64,correlated,0.05,/workspace/scratch/a5f0879dfaa7/recoa-pinn/outputs/burgers_data_block_missing_v1/m6/seed_00111
block_missing,Burgers — bloc de capteurs manquant,burgers,m7,11,succeeded,,0.4758671997830558,0.9674687353495257,0.06053289651416902,0.05663643391000406,0.06569675957217112,3.1344584130000612,197376,0.6768898591528466,0.9891830659056227,4.826505017434039,0.43103617686765605,64,correlated,0.05,/workspace/scratch/a5f0879dfaa7/recoa-pinn/outputs/burgers_data_block_missing_v1/m7/seed_00011
block_missing,Burgers — bloc de capteurs manquant,burgers,m7,22,succeeded,,0.4701712807835524,0.9147629595489668,0.06774613508675524,0.06238955970992468,0.07443050920668587,1.9519169169999486,197376,0.5570857333874385,1.1474769617107263,4.994910048929994,-0.282156904942078,64,correlated,0.05,/workspace/scratch/a5f0879dfaa7/recoa-pinn/outputs/burgers_data_block_missing_v1/m7/seed_00022
block_missing,Burgers — bloc de capteurs manquant,burgers,m7,33,succeeded,,0.5894861842349514,0.9720297148578639,0.09351983650118216,0.011976392412354733,0.06474429597589954,3.1455060580000236,197376,0.6527788823755902,1.058129809625851,4.768408849397904,-0.02124452124322609,64,correlated,0.05,/workspace/scratch/a5f0879dfaa7/recoa-pinn/outputs/burgers_data_block_missing_v1/m7/seed_00033
block_missing,Burgers — bloc de capteurs manquant,burgers,m7,44,succeeded,,0.5423259035664533,0.9818871305528081,0.09510304733977884,0.04546892933304164,0.09223287197083108,2.000041541000087,197376,0.518076801605063,0.9424038797203582,4.707311207646769,0.019270694138329433,64,correlated,0.05,/workspace/scratch/a5f0879dfaa7/recoa-pinn/outputs/burgers_data_block_missing_v1/m7/seed_00044
block_missing,Burgers — bloc de capteurs manquant,burgers,m7,55,succeeded,,0.5417676908200054,1.081618938732736,0.05914158413333157,0.0489925396919215,0.17266455352837262,1.933668816999898,197376,0.5971908642033531,0.915832183113423,4.526689487622265,0.5655461171514691,64,correlated,0.05,/workspace/scratch/a5f0879dfaa7/recoa-pinn/outputs/burgers_data_block_missing_v1/m7/seed_00055
block_missing,Burgers — bloc de capteurs manquant,burgers,m7,66,succeeded,,0.516197505609819,0.9240366354057002,0.059933722607372904,0.11180680531128326,0.15828246379229832,3.1873009340000635,197376,0.6197282839643449,0.9531461945811324,4.394019246617315,0.6942729580839909,64,correlated,0.05,/workspace/scratch/a5f0879dfaa7/recoa-pinn/outputs/burgers_data_block_missing_v1/m7/seed_00066
block_missing,Burgers — bloc de capteurs manquant,burgers,m7,77,succeeded,,0.5805144531525614,0.9940993627884078,0.1263074939706286,0.03634531474880189,0.12318552599228876,2.0051132340000777,197376,0.5517670582816921,0.9332578773774525,4.602626209218847,0.2866398676909685,64,correlated,0.05,/workspace/scratch/a5f0879dfaa7/recoa-pinn/outputs/burgers_data_block_missing_v1/m7/seed_00077
block_missing,Burgers — bloc de capteurs manquant,burgers,m7,88,succeeded,,0.49384732032288453,0.8761557377228751,0.056848827200170954,0.04768490026073741,0.0557866311058852,3.1466370050000023,197376,0.6489117560654167,0.9649185771449575,3.962434653329395,0.2531413702388782,64,correlated,0.05,/workspace/scratch/a5f0879dfaa7/recoa-pinn/outputs/burgers_data_block_missing_v1/m7/seed_00088
block_missing,Burgers — bloc de capteurs manquant,burgers,m7,99,succeeded,,0.5020035405930713,0.9584466073040214,0.05333895893250681,0.03579430781760426,0.13320722062964452,3.0345960880000575,197376,0.4831466876335272,0.9497927163875661,4.927254300109448,0.3854644994000408,64,correlated,0.05,/workspace/scratch/a5f0879dfaa7/recoa-pinn/outputs/burgers_data_block_missing_v1/m7/seed_00099
block_missing,Burgers — bloc de capteurs manquant,burgers,m7,111,succeeded,,0.5411595373341883,0.8958143027934319,0.10926958000023303,0.044153938811895686,0.1967171522936375,1.9378527060000579,197376,0.6330027198429005,0.9609464331530544,3.782778357120069,0.7076756568446457,64,correlated,0.05,/workspace/scratch/a5f0879dfaa7/recoa-pinn/outputs/burgers_data_block_missing_v1/m7/seed_00111
block_missing,Burgers — bloc de capteurs manquant,burgers,m7u,11,succeeded,,0.5130240746193104,1.0021036925065656,0.05844948699200421,0.10593850063332033,0.5236099100402472,1.903134846999933,197376,0.7051276567547823,0.9414217467748871,3.9520379758367974,0.8655623300349268,64,correlated,0.05,/workspace/scratch/a5f0879dfaa7/recoa-pinn/outputs/burgers_data_block_missing_v1/m7u/seed_00011
block_missing,Burgers — bloc de capteurs manquant,burgers,m7u,22,succeeded,,0.5241813543217773,0.9403673056248626,0.06662137986659486,0.16135148678713138,0.6201422913761646,1.9515426429999252,197376,0.606799974100221,1.0407849223065226,4.918771089073253,0.6995282770914443,64,correlated,0.05,/workspace/scratch/a5f0879dfaa7/recoa-pinn/outputs/burgers_data_block_missing_v1/m7u/seed_00022
block_missing,Burgers — bloc de capteurs manquant,burgers,m7u,33,succeeded,,0.6242489257935557,0.9507686539007528,0.08806999871928714,0.056769160473704935,0.48470089265765937,1.9402151159999903,197376,0.6854690869830663,0.9508617992814314,3.9473647812836803,0.7509305316244625,64,correlated,0.05,/workspace/scratch/a5f0879dfaa7/recoa-pinn/outputs/burgers_data_block_missing_v1/m7u/seed_00033
block_missing,Burgers — bloc de capteurs manquant,burgers,m7u,44,succeeded,,0.5704226439265593,0.9215609961500649,0.0889943594316576,0.08007339608282728,0.480414951633611,3.1231952499999807,197376,0.6404167598440814,1.0068221728729438,4.686225609931526,0.7703179776956683,64,correlated,0.05,/workspace/scratch/a5f0879dfaa7/recoa-pinn/outputs/burgers_data_block_missing_v1/m7u/seed_00044
block_missing,Burgers — bloc de capteurs manquant,burgers,m7u,55,succeeded,,0.5813852054402241,0.9895712273880671,0.05496567945685919,0.058842430124188425,0.37567130619475786,1.9015438769999946,197376,0.6682085509126318,0.9644501575690394,4.710502337961503,0.5738935918499268,64,correlated,0.05,/workspace/scratch/a5f0879dfaa7/recoa-pinn/outputs/burgers_data_block_missing_v1/m7u/seed_00055
block_missing,Burgers — bloc de capteurs manquant,burgers,m7u,66,succeeded,,0.5398776290320082,0.9211012784290024,0.058174464136604855,0.0838585222770104,0.33967803706581734,3.1513328199999933,197376,0.68478286832137,1.0188933948967691,4.059345645978784,0.7576515614749464,64,correlated,0.05,/workspace/scratch/a5f0879dfaa7/recoa-pinn/outputs/burgers_data_block_missing_v1/m7u/seed_00066
block_missing,Burgers — bloc de capteurs manquant,burgers,m7u,77,succeeded,,0.6034474926345577,0.9611228466422806,0.12080148195890425,0.0669621851533107,0.47646644578287023,1.9349158769999804,197376,0.6544598953829036,1.0396478806428275,4.785663548592747,0.6467817715960816,64,correlated,0.05,/workspace/scratch/a5f0879dfaa7/recoa-pinn/outputs/burgers_data_block_missing_v1/m7u/seed_00077
block_missing,Burgers — bloc de capteurs manquant,burgers,m7u,88,succeeded,,0.5552159169709933,1.022753567519516,0.05640753387163928,0.1273657818397655,0.5759546517513707,1.9337043830000766,197376,0.6583349184865678,0.97189201364525,4.44693268540088,0.7768552303771875,64,correlated,0.05,/workspace/scratch/a5f0879dfaa7/recoa-pinn/outputs/burgers_data_block_missing_v1/m7u/seed_00088
block_missing,Burgers — bloc de capteurs manquant,burgers,m7u,99,succeeded,,0.5523000532638098,0.9874734450754946,0.04961467425234068,0.12239889867280626,0.5226101613552765,1.9071257690000039,197376,0.5950698929577759,0.9996657375282402,4.960956139760731,0.8719553212719566,64,correlated,0.05,/workspace/scratch/a5f0879dfaa7/recoa-pinn/outputs/burgers_data_block_missing_v1/m7u/seed_00099
block_missing,Burgers — bloc de capteurs manquant,burgers,m7u,111,succeeded,,0.5679857512780617,0.9270348841531735,0.10419360963812695,0.05073823489333171,0.3283579328556865,1.9501593329999878,197376,0.6766028996363038,0.989520751382879,4.450740509516869,0.37756770587793287,64,correlated,0.05,/workspace/scratch/a5f0879dfaa7/recoa-pinn/outputs/burgers_data_block_missing_v1/m7u/seed_00111
block_missing,Burgers — bloc de capteurs manquant,burgers,vw,11,succeeded,,0.5037838742933262,0.8876617856251213,0.0,0.07207832086083275,0.30806772931605675,2.1153580899999724,190976,0.7630630547192259,1.0,3.656742796486339,0.5050532703398593,64,correlated,0.05,/workspace/scratch/a5f0879dfaa7/recoa-pinn/outputs/burgers_data_block_missing_v1/vw/seed_00011
block_missing,Burgers — bloc de capteurs manquant,burgers,vw,22,succeeded,,0.528021259506199,0.9097486286066765,0.0,0.09842831065977066,0.27364458992939344,2.108014722000007,190976,0.8461717882812159,1.0,2.6376774823306772,0.623160739858809,64,correlated,0.05,/workspace/scratch/a5f0879dfaa7/recoa-pinn/outputs/burgers_data_block_missing_v1/vw/seed_00022
block_missing,Burgers — bloc de capteurs manquant,burgers,vw,33,succeeded,,0.4992309526984505,0.9188920560245771,0.0,0.06317001748298243,0.29627079393308414,2.1137370120000014,190976,0.8031963475061542,1.0,4.1680743206476,0.7696535738699493,64,correlated,0.05,/workspace/scratch/a5f0879dfaa7/recoa-pinn/outputs/burgers_data_block_missing_v1/vw/seed_00033
block_missing,Burgers — bloc de capteurs manquant,burgers,vw,44,succeeded,,0.4893335897764588,0.92790524606452,0.0,0.0704920561991057,0.1997095129575416,2.1466367200000604,190976,0.820744713387303,1.0,3.641036924008627,0.2813156004775835,64,correlated,0.05,/workspace/scratch/a5f0879dfaa7/recoa-pinn/outputs/burgers_data_block_missing_v1/vw/seed_00044
block_missing,Burgers — bloc de capteurs manquant,burgers,vw,55,succeeded,,0.501246864065822,0.9415997029861968,0.0,0.03382766683351634,0.1387174117545116,2.2096331050001936,190976,0.7763962062184429,1.0,4.646683344283425,0.3112372537377545,64,correlated,0.05,/workspace/scratch/a5f0879dfaa7/recoa-pinn/outputs/burgers_data_block_missing_v1/vw/seed_00055
block_missing,Burgers — bloc de capteurs manquant,burgers,vw,66,succeeded,,0.48416277906893596,0.9814817439849138,0.0,0.08360648577959122,0.13261984055820336,2.139691738000238,190976,0.77701443801178,0.9999999999999999,3.847480000273459,0.42027643805429693,64,correlated,0.05,/workspace/scratch/a5f0879dfaa7/recoa-pinn/outputs/burgers_data_block_missing_v1/vw/seed_00066
block_missing,Burgers — bloc de capteurs manquant,burgers,vw,77,succeeded,,0.4886937041559266,0.8801430940214788,0.0,0.08856018435624424,0.3142152326007335,2.159534177000296,190976,0.7036236525116677,0.9999999999999998,5.1742533903133126,0.5157330322748938,64,correlated,0.05,/workspace/scratch/a5f0879dfaa7/recoa-pinn/outputs/burgers_data_block_missing_v1/vw/seed_00077
block_missing,Burgers — bloc de capteurs manquant,burgers,vw,88,succeeded,,0.49556049013025993,0.9536124167500195,0.0,0.0848838935180006,0.3006488368497666,2.158061747999909,190976,0.8121386402032597,1.0,3.661993290040321,0.8047763209209132,64,correlated,0.05,/workspace/scratch/a5f0879dfaa7/recoa-pinn/outputs/burgers_data_block_missing_v1/vw/seed_00088
block_missing,Burgers — bloc de capteurs manquant,burgers,vw,99,succeeded,,0.4801961879655428,0.8826513993312737,0.0,0.09607418326829252,0.2780742503009393,1.9882683039995754,190976,0.8004817534964832,1.0,3.285780145095349,0.6416028504445124,64,correlated,0.05,/workspace/scratch/a5f0879dfaa7/recoa-pinn/outputs/burgers_data_block_missing_v1/vw/seed_00099
block_missing,Burgers — bloc de capteurs manquant,burgers,vw,111,succeeded,,0.44401710105013137,0.819455600007619,0.0,0.06331113168345616,0.2954018770160715,2.003579961000014,190976,0.7613247138537509,1.0,4.172009771617007,0.40835996930178,64,correlated,0.05,/workspace/scratch/a5f0879dfaa7/recoa-pinn/outputs/burgers_data_block_missing_v1/vw/seed_00111
block_missing,Burgers — bloc de capteurs manquant,burgers,vwca,11,succeeded,,0.5019921383860556,0.9259410447095163,0.05970532858856619,0.07492662262004592,0.3353634025484756,2.2053989109999748,197376,0.7496442607713566,1.0,3.680495008863394,0.572487569881248,64,correlated,0.05,/workspace/scratch/a5f0879dfaa7/recoa-pinn/outputs/burgers_data_block_missing_v1/vwca/seed_00011
block_missing,Burgers — bloc de capteurs manquant,burgers,vwca,22,succeeded,,0.5291140740109214,0.94788694655136,0.06657155975274173,0.10350081510371249,0.291945967605347,2.178982469999937,197376,0.8279103929624821,1.0,3.367128687003402,0.6091487724130419,64,correlated,0.05,/workspace/scratch/a5f0879dfaa7/recoa-pinn/outputs/burgers_data_block_missing_v1/vwca/seed_00022
block_missing,Burgers — bloc de capteurs manquant,burgers,vwca,33,succeeded,,0.6058523557520933,0.9637616305506798,0.09133675225570524,0.029485305513608066,0.2009584511910444,2.2033642860001237,197376,0.7841402991182695,1.0,3.5032296212691545,0.7088873288002815,64,correlated,0.05,/workspace/scratch/a5f0879dfaa7/recoa-pinn/outputs/burgers_data_block_missing_v1/vwca/seed_00033
block_missing,Burgers — bloc de capteurs manquant,burgers,vwca,44,succeeded,,0.565292280297513,0.9859219094141852,0.08813398251885028,0.05561166612114574,0.2305494052185791,2.2138878590003515,197376,0.8191626881092228,1.0,3.4808449329905167,0.323765096706414,64,correlated,0.05,/workspace/scratch/a5f0879dfaa7/recoa-pinn/outputs/burgers_data_block_missing_v1/vwca/seed_00044
block_missing,Burgers — bloc de capteurs manquant,burgers,vwca,55,succeeded,,0.5846844041316833,1.0741005164942221,0.05929333056972207,0.027740391149130947,0.1163126101902336,2.209698584999842,197376,0.8071429839375337,0.9999999999999998,4.051556049749409,0.3653888432475297,64,correlated,0.05,/workspace/scratch/a5f0879dfaa7/recoa-pinn/outputs/burgers_data_block_missing_v1/vwca/seed_00055
block_missing,Burgers — bloc de capteurs manquant,burgers,vwca,66,succeeded,,0.5325417049773287,0.940986321288906,0.05961737418591019,0.08319953810205234,0.12058498205218605,2.1968536920003316,197376,0.7966119106295894,1.0,3.5299021672835,0.47756627672715807,64,correlated,0.05,/workspace/scratch/a5f0879dfaa7/recoa-pinn/outputs/burgers_data_block_missing_v1/vwca/seed_00066
block_missing,Burgers — bloc de capteurs manquant,burgers,vwca,77,succeeded,,0.611945116086897,0.9538728350251402,0.11861212086212834,0.048930669043075484,0.2476181389516756,2.1993337680000877,197376,0.7735901363863568,1.0,4.051375367537906,0.3316388717576378,64,correlated,0.05,/workspace/scratch/a5f0879dfaa7/recoa-pinn/outputs/burgers_data_block_missing_v1/vwca/seed_00077
block_missing,Burgers — bloc de capteurs manquant,burgers,vwca,88,succeeded,,0.5067636328805577,0.927734931750799,0.05628380558758105,0.09103064659888352,0.3400341650886953,2.2886199089998627,197376,0.8035475189883634,0.9999999999999999,3.428060211840344,0.8450446650213425,64,correlated,0.05,/workspace/scratch/a5f0879dfaa7/recoa-pinn/outputs/burgers_data_block_missing_v1/vwca/seed_00088
block_missing,Burgers — bloc de capteurs manquant,burgers,vwca,99,succeeded,,0.532519318942203,0.9409637039086016,0.05201101828899185,0.08576759998755139,0.2812544889198107,2.055436481000015,197376,0.7690023278582783,0.9999999999999998,5.319304897869821,0.6014404351792261,64,correlated,0.05,/workspace/scratch/a5f0879dfaa7/recoa-pinn/outputs/burgers_data_block_missing_v1/vwca/seed_00099
block_missing,Burgers — bloc de capteurs manquant,burgers,vwca,111,succeeded,,0.5456660453391153,0.881927112075559,0.10717505873008111,0.04062422414812649,0.24619647690768892,2.1661141249996945,197376,0.7712050684338816,1.0,4.7463821412298195,0.16068144320713315,64,correlated,0.05,/workspace/scratch/a5f0879dfaa7/recoa-pinn/outputs/burgers_data_block_missing_v1/vwca/seed_00111
